id;kode_provinsi;nama_provinsi;kode_kabupaten_kota;nama_kabupaten_kota;wilayah_uptd;kategori_jalan;kondisi_jalan;panjang_ruas_jalan;satuan;tahun
1;32;JAWA BARAT;3201;KABUPATEN BOGOR;UPTD PENGELOLAAN JALAN DAN JEMBATAN WILAYAH PELAYANAN I;MANTAP;BAIK;117.66;KILOMETER;2018
2;32;JAWA BARAT;3201;KABUPATEN BOGOR;UPTD PENGELOLAAN JALAN DAN JEMBATAN WILAYAH PELAYANAN I;MANTAP;SEDANG;9.39;KILOMETER;2018
3;32;JAWA BARAT;3201;KABUPATEN BOGOR;UPTD PENGELOLAAN JALAN DAN JEMBATAN WILAYAH PELAYANAN I;TIDAK MANTAP;RUSAK RINGAN;5.76;KILOMETER;2018
4;32;JAWA BARAT;3201;KABUPATEN BOGOR;UPTD PENGELOLAAN JALAN DAN JEMBATAN WILAYAH PELAYANAN I;TIDAK MANTAP;RUSAK BERAT;0.0;KILOMETER;2018
5;32;JAWA BARAT;3202;KABUPATEN SUKABUMI;UPTD PENGELOLAAN JALAN DAN JEMBATAN WILAYAH PELAYANAN II;MANTAP;BAIK;109.09;KILOMETER;2018
6;32;JAWA BARAT;3202;KABUPATEN SUKABUMI;UPTD PENGELOLAAN JALAN DAN JEMBATAN WILAYAH PELAYANAN II;MANTAP;SEDANG;153.62;KILOMETER;2018
7;32;JAWA BARAT;3202;KABUPATEN SUKABUMI;UPTD PENGELOLAAN JALAN DAN JEMBATAN WILAYAH PELAYANAN II;TIDAK MANTAP;RUSAK RINGAN;47.91;KILOMETER;2018
8;32;JAWA BARAT;3202;KABUPATEN SUKABUMI;UPTD PENGELOLAAN JALAN DAN JEMBATAN WILAYAH PELAYANAN II;TIDAK MANTAP;RUSAK BERAT;3.3;KILOMETER;2018
9;32;JAWA BARAT;3203;KABUPATEN CIANJUR;UPTD PENGELOLAAN JALAN DAN JEMBATAN WILAYAH PELAYANAN I;MANTAP;BAIK;83.82;KILOMETER;2018
10;32;JAWA BARAT;3203;KABUPATEN CIANJUR;UPTD PENGELOLAAN JALAN DAN JEMBATAN WILAYAH PELAYANAN I;MANTAP;SEDANG;79.77;KILOMETER;2018
11;32;JAWA BARAT;3203;KABUPATEN CIANJUR;UPTD PENGELOLAAN JALAN DAN JEMBATAN WILAYAH PELAYANAN I;TIDAK MANTAP;RUSAK RINGAN;8.49;KILOMETER;2018
12;32;JAWA BARAT;3203;KABUPATEN CIANJUR;UPTD PENGELOLAAN JALAN DAN JEMBATAN WILAYAH PELAYANAN I;TIDAK MANTAP;RUSAK BERAT;14.32;KILOMETER;2018
13;32;JAWA BARAT;3204;KABUPATEN BANDUNG;UPTD PENGELOLAAN JALAN DAN JEMBATAN WILAYAH PELAYANAN III;MANTAP;BAIK;54.56;KILOMETER;2018
14;32;JAWA BARAT;3204;KABUPATEN BANDUNG;UPTD PENGELOLAAN JALAN DAN JEMBATAN WILAYAH PELAYANAN III;MANTAP;SEDANG;63.93;KILOMETER;2018
15;32;JAWA BARAT;3204;KABUPATEN BANDUNG;UPTD PENGELOLAAN JALAN DAN JEMBATAN WILAYAH PELAYANAN III;TIDAK MANTAP;RUSAK RINGAN;9.05;KILOMETER;2018
16;32;JAWA BARAT;3204;KABUPATEN BANDUNG;UPTD PENGELOLAAN JALAN DAN JEMBATAN WILAYAH PELAYANAN III;TIDAK MANTAP;RUSAK BERAT;0.0;KILOMETER;2018
17;32;JAWA BARAT;3205;KABUPATEN GARUT;UPTD PENGELOLAAN JALAN DAN JEMBATAN WILAYAH PELAYANAN IV;MANTAP;BAIK;56.6;KILOMETER;2018
18;32;JAWA BARAT;3205;KABUPATEN GARUT;UPTD PENGELOLAAN JALAN DAN JEMBATAN WILAYAH PELAYANAN IV;MANTAP;SEDANG;198.08;KILOMETER;2018
19;32;JAWA BARAT;3205;KABUPATEN GARUT;UPTD PENGELOLAAN JALAN DAN JEMBATAN WILAYAH PELAYANAN IV;TIDAK MANTAP;RUSAK RINGAN;31.36;KILOMETER;2018
20;32;JAWA BARAT;3205;KABUPATEN GARUT;UPTD PENGELOLAAN JALAN DAN JEMBATAN WILAYAH PELAYANAN IV;TIDAK MANTAP;RUSAK BERAT;0.0;KILOMETER;2018
21;32;JAWA BARAT;3206;KABUPATEN TASIKMALAYA;UPTD PENGELOLAAN JALAN DAN JEMBATAN WILAYAH PELAYANAN V;MANTAP;BAIK;56.59;KILOMETER;2018
22;32;JAWA BARAT;3206;KABUPATEN TASIKMALAYA;UPTD PENGELOLAAN JALAN DAN JEMBATAN WILAYAH PELAYANAN V;MANTAP;SEDANG;54.85;KILOMETER;2018
23;32;JAWA BARAT;3206;KABUPATEN TASIKMALAYA;UPTD PENGELOLAAN JALAN DAN JEMBATAN WILAYAH PELAYANAN V;TIDAK MANTAP;RUSAK RINGAN;12.2;KILOMETER;2018
24;32;JAWA BARAT;3206;KABUPATEN TASIKMALAYA;UPTD PENGELOLAAN JALAN DAN JEMBATAN WILAYAH PELAYANAN V;TIDAK MANTAP;RUSAK BERAT;0.0;KILOMETER;2018
25;32;JAWA BARAT;3207;KABUPATEN CIAMIS;UPTD PENGELOLAAN JALAN DAN JEMBATAN WILAYAH PELAYANAN V;MANTAP;BAIK;7.33;KILOMETER;2018
26;32;JAWA BARAT;3207;KABUPATEN CIAMIS;UPTD PENGELOLAAN JALAN DAN JEMBATAN WILAYAH PELAYANAN V;MANTAP;SEDANG;17.22;KILOMETER;2018
27;32;JAWA BARAT;3207;KABUPATEN CIAMIS;UPTD PENGELOLAAN JALAN DAN JEMBATAN WILAYAH PELAYANAN V;TIDAK MANTAP;RUSAK RINGAN;4.08;KILOMETER;2018
28;32;JAWA BARAT;3207;KABUPATEN CIAMIS;UPTD PENGELOLAAN JALAN DAN JEMBATAN WILAYAH PELAYANAN V;TIDAK MANTAP;RUSAK BERAT;0.0;KILOMETER;2018
29;32;JAWA BARAT;3208;KABUPATEN KUNINGAN;UPTD PENGELOLAAN JALAN DAN JEMBATAN WILAYAH PELAYANAN V;MANTAP;BAIK;38.85;KILOMETER;2018
30;32;JAWA BARAT;3208;KABUPATEN KUNINGAN;UPTD PENGELOLAAN JALAN DAN JEMBATAN WILAYAH PELAYANAN V;MANTAP;SEDANG;39.67;KILOMETER;2018
31;32;JAWA BARAT;3208;KABUPATEN KUNINGAN;UPTD PENGELOLAAN JALAN DAN JEMBATAN WILAYAH PELAYANAN V;TIDAK MANTAP;RUSAK RINGAN;7.8;KILOMETER;2018
32;32;JAWA BARAT;3208;KABUPATEN KUNINGAN;UPTD PENGELOLAAN JALAN DAN JEMBATAN WILAYAH PELAYANAN V;TIDAK MANTAP;RUSAK BERAT;0.0;KILOMETER;2018
33;32;JAWA BARAT;3209;KABUPATEN CIREBON;UPTD PENGELOLAAN JALAN DAN JEMBATAN WILAYAH PELAYANAN VI;MANTAP;BAIK;23.61;KILOMETER;2018
34;32;JAWA BARAT;3209;KABUPATEN CIREBON;UPTD PENGELOLAAN JALAN DAN JEMBATAN WILAYAH PELAYANAN VI;MANTAP;SEDANG;43.77;KILOMETER;2018
35;32;JAWA BARAT;3209;KABUPATEN CIREBON;UPTD PENGELOLAAN JALAN DAN JEMBATAN WILAYAH PELAYANAN VI;TIDAK MANTAP;RUSAK RINGAN;4.99;KILOMETER;2018
36;32;JAWA BARAT;3209;KABUPATEN CIREBON;UPTD PENGELOLAAN JALAN DAN JEMBATAN WILAYAH PELAYANAN VI;TIDAK MANTAP;RUSAK BERAT;0.0;KILOMETER;2018
37;32;JAWA BARAT;3210;KABUPATEN MAJALENGKA;UPTD PENGELOLAAN JALAN DAN JEMBATAN WILAYAH PELAYANAN VI;MANTAP;BAIK;59.45;KILOMETER;2018
38;32;JAWA BARAT;3210;KABUPATEN MAJALENGKA;UPTD PENGELOLAAN JALAN DAN JEMBATAN WILAYAH PELAYANAN VI;MANTAP;SEDANG;49.8;KILOMETER;2018
39;32;JAWA BARAT;3210;KABUPATEN MAJALENGKA;UPTD PENGELOLAAN JALAN DAN JEMBATAN WILAYAH PELAYANAN VI;TIDAK MANTAP;RUSAK RINGAN;16.58;KILOMETER;2018
40;32;JAWA BARAT;3210;KABUPATEN MAJALENGKA;UPTD PENGELOLAAN JALAN DAN JEMBATAN WILAYAH PELAYANAN VI;TIDAK MANTAP;RUSAK BERAT;0.0;KILOMETER;2018
41;32;JAWA BARAT;3211;KABUPATEN SUMEDANG;UPTD PENGELOLAAN JALAN DAN JEMBATAN WILAYAH PELAYANAN IV;MANTAP;BAIK;23.28;KILOMETER;2018
42;32;JAWA BARAT;3211;KABUPATEN SUMEDANG;UPTD PENGELOLAAN JALAN DAN JEMBATAN WILAYAH PELAYANAN IV;MANTAP;SEDANG;76.58;KILOMETER;2018
43;32;JAWA BARAT;3211;KABUPATEN SUMEDANG;UPTD PENGELOLAAN JALAN DAN JEMBATAN WILAYAH PELAYANAN IV;TIDAK MANTAP;RUSAK RINGAN;15.94;KILOMETER;2018
44;32;JAWA BARAT;3211;KABUPATEN SUMEDANG;UPTD PENGELOLAAN JALAN DAN JEMBATAN WILAYAH PELAYANAN IV;TIDAK MANTAP;RUSAK BERAT;0.0;KILOMETER;2018
45;32;JAWA BARAT;3212;KABUPATEN INDRAMAYU;UPTD PENGELOLAAN JALAN DAN JEMBATAN WILAYAH PELAYANAN VI;MANTAP;BAIK;66.97;KILOMETER;2018
46;32;JAWA BARAT;3212;KABUPATEN INDRAMAYU;UPTD PENGELOLAAN JALAN DAN JEMBATAN WILAYAH PELAYANAN VI;MANTAP;SEDANG;85.16;KILOMETER;2018
47;32;JAWA BARAT;3212;KABUPATEN INDRAMAYU;UPTD PENGELOLAAN JALAN DAN JEMBATAN WILAYAH PELAYANAN VI;TIDAK MANTAP;RUSAK RINGAN;5.36;KILOMETER;2018
48;32;JAWA BARAT;3212;KABUPATEN INDRAMAYU;UPTD PENGELOLAAN JALAN DAN JEMBATAN WILAYAH PELAYANAN VI;TIDAK MANTAP;RUSAK BERAT;0.0;KILOMETER;2018
49;32;JAWA BARAT;3213;KABUPATEN SUBANG;UPTD PENGELOLAAN JALAN DAN JEMBATAN WILAYAH PELAYANAN III;MANTAP;BAIK;54.49;KILOMETER;2018
50;32;JAWA BARAT;3213;KABUPATEN SUBANG;UPTD PENGELOLAAN JALAN DAN JEMBATAN WILAYAH PELAYANAN III;MANTAP;SEDANG;105.03;KILOMETER;2018
51;32;JAWA BARAT;3213;KABUPATEN SUBANG;UPTD PENGELOLAAN JALAN DAN JEMBATAN WILAYAH PELAYANAN III;TIDAK MANTAP;RUSAK RINGAN;8.66;KILOMETER;2018
52;32;JAWA BARAT;3213;KABUPATEN SUBANG;UPTD PENGELOLAAN JALAN DAN JEMBATAN WILAYAH PELAYANAN III;TIDAK MANTAP;RUSAK BERAT;0.0;KILOMETER;2018
53;32;JAWA BARAT;3214;KABUPATEN PURWAKARTA;UPTD PENGELOLAAN JALAN DAN JEMBATAN WILAYAH PELAYANAN III;MANTAP;BAIK;14.94;KILOMETER;2018
54;32;JAWA BARAT;3214;KABUPATEN PURWAKARTA;UPTD PENGELOLAAN JALAN DAN JEMBATAN WILAYAH PELAYANAN III;MANTAP;SEDANG;50.61;KILOMETER;2018
55;32;JAWA BARAT;3214;KABUPATEN PURWAKARTA;UPTD PENGELOLAAN JALAN DAN JEMBATAN WILAYAH PELAYANAN III;TIDAK MANTAP;RUSAK RINGAN;4.96;KILOMETER;2018
56;32;JAWA BARAT;3214;KABUPATEN PURWAKARTA;UPTD PENGELOLAAN JALAN DAN JEMBATAN WILAYAH PELAYANAN III;TIDAK MANTAP;RUSAK BERAT;0.0;KILOMETER;2018
57;32;JAWA BARAT;3215;KABUPATEN KARAWANG;UPTD PENGELOLAAN JALAN DAN JEMBATAN WILAYAH PELAYANAN III;MANTAP;BAIK;41.04;KILOMETER;2018
58;32;JAWA BARAT;3215;KABUPATEN KARAWANG;UPTD PENGELOLAAN JALAN DAN JEMBATAN WILAYAH PELAYANAN III;MANTAP;SEDANG;30.9;KILOMETER;2018
59;32;JAWA BARAT;3215;KABUPATEN KARAWANG;UPTD PENGELOLAAN JALAN DAN JEMBATAN WILAYAH PELAYANAN III;TIDAK MANTAP;RUSAK RINGAN;7.89;KILOMETER;2018
60;32;JAWA BARAT;3215;KABUPATEN KARAWANG;UPTD PENGELOLAAN JALAN DAN JEMBATAN WILAYAH PELAYANAN III;TIDAK MANTAP;RUSAK BERAT;0.0;KILOMETER;2018
61;32;JAWA BARAT;3216;KABUPATEN BEKASI;UPTD PENGELOLAAN JALAN DAN JEMBATAN WILAYAH PELAYANAN I;MANTAP;BAIK;29.33;KILOMETER;2018
62;32;JAWA BARAT;3216;KABUPATEN BEKASI;UPTD PENGELOLAAN JALAN DAN JEMBATAN WILAYAH PELAYANAN I;MANTAP;SEDANG;2.2;KILOMETER;2018
63;32;JAWA BARAT;3216;KABUPATEN BEKASI;UPTD PENGELOLAAN JALAN DAN JEMBATAN WILAYAH PELAYANAN I;TIDAK MANTAP;RUSAK RINGAN;0.0;KILOMETER;2018
64;32;JAWA BARAT;3216;KABUPATEN BEKASI;UPTD PENGELOLAAN JALAN DAN JEMBATAN WILAYAH PELAYANAN I;TIDAK MANTAP;RUSAK BERAT;0.0;KILOMETER;2018
65;32;JAWA BARAT;3217;KABUPATEN BANDUNG BARAT;UPTD PENGELOLAAN JALAN DAN JEMBATAN WILAYAH PELAYANAN III;MANTAP;BAIK;30.47;KILOMETER;2018
66;32;JAWA BARAT;3217;KABUPATEN BANDUNG BARAT;UPTD PENGELOLAAN JALAN DAN JEMBATAN WILAYAH PELAYANAN III;MANTAP;SEDANG;40.16;KILOMETER;2018
67;32;JAWA BARAT;3217;KABUPATEN BANDUNG BARAT;UPTD PENGELOLAAN JALAN DAN JEMBATAN WILAYAH PELAYANAN III;TIDAK MANTAP;RUSAK RINGAN;2.54;KILOMETER;2018
68;32;JAWA BARAT;3217;KABUPATEN BANDUNG BARAT;UPTD PENGELOLAAN JALAN DAN JEMBATAN WILAYAH PELAYANAN III;TIDAK MANTAP;RUSAK BERAT;0.0;KILOMETER;2018
69;32;JAWA BARAT;3218;KABUPATEN PANGANDARAN;UPTD PENGELOLAAN JALAN DAN JEMBATAN WILAYAH PELAYANAN V;MANTAP;BAIK;4.55;KILOMETER;2018
70;32;JAWA BARAT;3218;KABUPATEN PANGANDARAN;UPTD PENGELOLAAN JALAN DAN JEMBATAN WILAYAH PELAYANAN V;MANTAP;SEDANG;2.95;KILOMETER;2018
71;32;JAWA BARAT;3218;KABUPATEN PANGANDARAN;UPTD PENGELOLAAN JALAN DAN JEMBATAN WILAYAH PELAYANAN V;TIDAK MANTAP;RUSAK RINGAN;1.39;KILOMETER;2018
72;32;JAWA BARAT;3218;KABUPATEN PANGANDARAN;UPTD PENGELOLAAN JALAN DAN JEMBATAN WILAYAH PELAYANAN V;TIDAK MANTAP;RUSAK BERAT;0.0;KILOMETER;2018
73;32;JAWA BARAT;3271;KOTA BOGOR;UPTD PENGELOLAAN JALAN DAN JEMBATAN WILAYAH PELAYANAN I;MANTAP;BAIK;8.55;KILOMETER;2018
74;32;JAWA BARAT;3271;KOTA BOGOR;UPTD PENGELOLAAN JALAN DAN JEMBATAN WILAYAH PELAYANAN I;MANTAP;SEDANG;2.61;KILOMETER;2018
75;32;JAWA BARAT;3271;KOTA BOGOR;UPTD PENGELOLAAN JALAN DAN JEMBATAN WILAYAH PELAYANAN I;TIDAK MANTAP;RUSAK RINGAN;0.0;KILOMETER;2018
76;32;JAWA BARAT;3271;KOTA BOGOR;UPTD PENGELOLAAN JALAN DAN JEMBATAN WILAYAH PELAYANAN I;TIDAK MANTAP;RUSAK BERAT;0.0;KILOMETER;2018
77;32;JAWA BARAT;3272;KOTA SUKABUMI;UPTD PENGELOLAAN JALAN DAN JEMBATAN WILAYAH PELAYANAN II;MANTAP;BAIK;12.86;KILOMETER;2018
78;32;JAWA BARAT;3272;KOTA SUKABUMI;UPTD PENGELOLAAN JALAN DAN JEMBATAN WILAYAH PELAYANAN II;MANTAP;SEDANG;18.06;KILOMETER;2018
79;32;JAWA BARAT;3272;KOTA SUKABUMI;UPTD PENGELOLAAN JALAN DAN JEMBATAN WILAYAH PELAYANAN II;TIDAK MANTAP;RUSAK RINGAN;1.0;KILOMETER;2018
80;32;JAWA BARAT;3272;KOTA SUKABUMI;UPTD PENGELOLAAN JALAN DAN JEMBATAN WILAYAH PELAYANAN II;TIDAK MANTAP;RUSAK BERAT;1.64;KILOMETER;2018
81;32;JAWA BARAT;3273;KOTA BANDUNG;UPTD PENGELOLAAN JALAN DAN JEMBATAN WILAYAH PELAYANAN III;MANTAP;BAIK;13.17;KILOMETER;2018
82;32;JAWA BARAT;3273;KOTA BANDUNG;UPTD PENGELOLAAN JALAN DAN JEMBATAN WILAYAH PELAYANAN III;MANTAP;SEDANG;24.92;KILOMETER;2018
83;32;JAWA BARAT;3273;KOTA BANDUNG;UPTD PENGELOLAAN JALAN DAN JEMBATAN WILAYAH PELAYANAN III;TIDAK MANTAP;RUSAK RINGAN;0.35;KILOMETER;2018
84;32;JAWA BARAT;3273;KOTA BANDUNG;UPTD PENGELOLAAN JALAN DAN JEMBATAN WILAYAH PELAYANAN III;TIDAK MANTAP;RUSAK BERAT;0.0;KILOMETER;2018
85;32;JAWA BARAT;3274;KOTA CIREBON;UPTD PENGELOLAAN JALAN DAN JEMBATAN WILAYAH PELAYANAN VI;MANTAP;BAIK;2.8;KILOMETER;2018
86;32;JAWA BARAT;3274;KOTA CIREBON;UPTD PENGELOLAAN JALAN DAN JEMBATAN WILAYAH PELAYANAN VI;MANTAP;SEDANG;3.75;KILOMETER;2018
87;32;JAWA BARAT;3274;KOTA CIREBON;UPTD PENGELOLAAN JALAN DAN JEMBATAN WILAYAH PELAYANAN VI;TIDAK MANTAP;RUSAK RINGAN;0.0;KILOMETER;2018
88;32;JAWA BARAT;3274;KOTA CIREBON;UPTD PENGELOLAAN JALAN DAN JEMBATAN WILAYAH PELAYANAN VI;TIDAK MANTAP;RUSAK BERAT;0.0;KILOMETER;2018
89;32;JAWA BARAT;3275;KOTA BEKASI;UPTD PENGELOLAAN JALAN DAN JEMBATAN WILAYAH PELAYANAN I;MANTAP;BAIK;19.86;KILOMETER;2018
90;32;JAWA BARAT;3275;KOTA BEKASI;UPTD PENGELOLAAN JALAN DAN JEMBATAN WILAYAH PELAYANAN I;MANTAP;SEDANG;0.0;KILOMETER;2018
91;32;JAWA BARAT;3275;KOTA BEKASI;UPTD PENGELOLAAN JALAN DAN JEMBATAN WILAYAH PELAYANAN I;TIDAK MANTAP;RUSAK RINGAN;2.1;KILOMETER;2018
92;32;JAWA BARAT;3275;KOTA BEKASI;UPTD PENGELOLAAN JALAN DAN JEMBATAN WILAYAH PELAYANAN I;TIDAK MANTAP;RUSAK BERAT;0.0;KILOMETER;2018
93;32;JAWA BARAT;3276;KOTA DEPOK;UPTD PENGELOLAAN JALAN DAN JEMBATAN WILAYAH PELAYANAN I;MANTAP;BAIK;9.17;KILOMETER;2018
94;32;JAWA BARAT;3276;KOTA DEPOK;UPTD PENGELOLAAN JALAN DAN JEMBATAN WILAYAH PELAYANAN I;MANTAP;SEDANG;0.0;KILOMETER;2018
95;32;JAWA BARAT;3276;KOTA DEPOK;UPTD PENGELOLAAN JALAN DAN JEMBATAN WILAYAH PELAYANAN I;TIDAK MANTAP;RUSAK RINGAN;2.56;KILOMETER;2018
96;32;JAWA BARAT;3276;KOTA DEPOK;UPTD PENGELOLAAN JALAN DAN JEMBATAN WILAYAH PELAYANAN I;TIDAK MANTAP;RUSAK BERAT;0.0;KILOMETER;2018
97;32;JAWA BARAT;3277;KOTA CIMAHI;UPTD PENGELOLAAN JALAN DAN JEMBATAN WILAYAH PELAYANAN III;MANTAP;BAIK;5.04;KILOMETER;2018
98;32;JAWA BARAT;3277;KOTA CIMAHI;UPTD PENGELOLAAN JALAN DAN JEMBATAN WILAYAH PELAYANAN III;MANTAP;SEDANG;4.32;KILOMETER;2018
99;32;JAWA BARAT;3277;KOTA CIMAHI;UPTD PENGELOLAAN JALAN DAN JEMBATAN WILAYAH PELAYANAN III;TIDAK MANTAP;RUSAK RINGAN;0.0;KILOMETER;2018
100;32;JAWA BARAT;3277;KOTA CIMAHI;UPTD PENGELOLAAN JALAN DAN JEMBATAN WILAYAH PELAYANAN III;TIDAK MANTAP;RUSAK BERAT;0.0;KILOMETER;2018
101;32;JAWA BARAT;3278;KOTA TASIKMALAYA;UPTD PENGELOLAAN JALAN DAN JEMBATAN WILAYAH PELAYANAN V;MANTAP;BAIK;4.51;KILOMETER;2018
102;32;JAWA BARAT;3278;KOTA TASIKMALAYA;UPTD PENGELOLAAN JALAN DAN JEMBATAN WILAYAH PELAYANAN V;MANTAP;SEDANG;24.05;KILOMETER;2018
103;32;JAWA BARAT;3278;KOTA TASIKMALAYA;UPTD PENGELOLAAN JALAN DAN JEMBATAN WILAYAH PELAYANAN V;TIDAK MANTAP;RUSAK RINGAN;1.4;KILOMETER;2018
104;32;JAWA BARAT;3278;KOTA TASIKMALAYA;UPTD PENGELOLAAN JALAN DAN JEMBATAN WILAYAH PELAYANAN V;TIDAK MANTAP;RUSAK BERAT;0.0;KILOMETER;2018
105;32;JAWA BARAT;3279;KOTA BANJAR;UPTD PENGELOLAAN JALAN DAN JEMBATAN WILAYAH PELAYANAN V;MANTAP;BAIK;5.8;KILOMETER;2018
106;32;JAWA BARAT;3279;KOTA BANJAR;UPTD PENGELOLAAN JALAN DAN JEMBATAN WILAYAH PELAYANAN V;MANTAP;SEDANG;0.83;KILOMETER;2018
107;32;JAWA BARAT;3279;KOTA BANJAR;UPTD PENGELOLAAN JALAN DAN JEMBATAN WILAYAH PELAYANAN V;TIDAK MANTAP;RUSAK RINGAN;2.34;KILOMETER;2018
108;32;JAWA BARAT;3279;KOTA BANJAR;UPTD PENGELOLAAN JALAN DAN JEMBATAN WILAYAH PELAYANAN V;TIDAK MANTAP;RUSAK BERAT;0.0;KILOMETER;2018
109;32;JAWA BARAT;3201;KABUPATEN BOGOR;UPTD PENGELOLAAN JALAN DAN JEMBATAN WILAYAH PELAYANAN I;MANTAP;BAIK;117.66;KILOMETER;2019
110;32;JAWA BARAT;3201;KABUPATEN BOGOR;UPTD PENGELOLAAN JALAN DAN JEMBATAN WILAYAH PELAYANAN I;MANTAP;SEDANG;9.39;KILOMETER;2019
111;32;JAWA BARAT;3201;KABUPATEN BOGOR;UPTD PENGELOLAAN JALAN DAN JEMBATAN WILAYAH PELAYANAN I;TIDAK MANTAP;RUSAK RINGAN;5.76;KILOMETER;2019
112;32;JAWA BARAT;3201;KABUPATEN BOGOR;UPTD PENGELOLAAN JALAN DAN JEMBATAN WILAYAH PELAYANAN I;TIDAK MANTAP;RUSAK BERAT;0.0;KILOMETER;2019
113;32;JAWA BARAT;3202;KABUPATEN SUKABUMI;UPTD PENGELOLAAN JALAN DAN JEMBATAN WILAYAH PELAYANAN II;MANTAP;BAIK;152.73;KILOMETER;2019
114;32;JAWA BARAT;3202;KABUPATEN SUKABUMI;UPTD PENGELOLAAN JALAN DAN JEMBATAN WILAYAH PELAYANAN II;MANTAP;SEDANG;116.92;KILOMETER;2019
115;32;JAWA BARAT;3202;KABUPATEN SUKABUMI;UPTD PENGELOLAAN JALAN DAN JEMBATAN WILAYAH PELAYANAN II;TIDAK MANTAP;RUSAK RINGAN;42.73;KILOMETER;2019
116;32;JAWA BARAT;3202;KABUPATEN SUKABUMI;UPTD PENGELOLAAN JALAN DAN JEMBATAN WILAYAH PELAYANAN II;TIDAK MANTAP;RUSAK BERAT;1.54;KILOMETER;2019
117;32;JAWA BARAT;3203;KABUPATEN CIANJUR;UPTD PENGELOLAAN JALAN DAN JEMBATAN WILAYAH PELAYANAN I;MANTAP;BAIK;83.82;KILOMETER;2019
118;32;JAWA BARAT;3203;KABUPATEN CIANJUR;UPTD PENGELOLAAN JALAN DAN JEMBATAN WILAYAH PELAYANAN I;MANTAP;SEDANG;79.77;KILOMETER;2019
119;32;JAWA BARAT;3203;KABUPATEN CIANJUR;UPTD PENGELOLAAN JALAN DAN JEMBATAN WILAYAH PELAYANAN I;TIDAK MANTAP;RUSAK RINGAN;8.49;KILOMETER;2019
120;32;JAWA BARAT;3203;KABUPATEN CIANJUR;UPTD PENGELOLAAN JALAN DAN JEMBATAN WILAYAH PELAYANAN I;TIDAK MANTAP;RUSAK BERAT;14.32;KILOMETER;2019
121;32;JAWA BARAT;3204;KABUPATEN BANDUNG;UPTD PENGELOLAAN JALAN DAN JEMBATAN WILAYAH PELAYANAN III;MANTAP;BAIK;23.21;KILOMETER;2019
122;32;JAWA BARAT;3204;KABUPATEN BANDUNG;UPTD PENGELOLAAN JALAN DAN JEMBATAN WILAYAH PELAYANAN III;MANTAP;SEDANG;102.83;KILOMETER;2019
123;32;JAWA BARAT;3204;KABUPATEN BANDUNG;UPTD PENGELOLAAN JALAN DAN JEMBATAN WILAYAH PELAYANAN III;TIDAK MANTAP;RUSAK RINGAN;1.49;KILOMETER;2019
124;32;JAWA BARAT;3204;KABUPATEN BANDUNG;UPTD PENGELOLAAN JALAN DAN JEMBATAN WILAYAH PELAYANAN III;TIDAK MANTAP;RUSAK BERAT;0.0;KILOMETER;2019
125;32;JAWA BARAT;3205;KABUPATEN GARUT;UPTD PENGELOLAAN JALAN DAN JEMBATAN WILAYAH PELAYANAN IV;MANTAP;BAIK;70.88;KILOMETER;2019
126;32;JAWA BARAT;3205;KABUPATEN GARUT;UPTD PENGELOLAAN JALAN DAN JEMBATAN WILAYAH PELAYANAN IV;MANTAP;SEDANG;183.55;KILOMETER;2019
127;32;JAWA BARAT;3205;KABUPATEN GARUT;UPTD PENGELOLAAN JALAN DAN JEMBATAN WILAYAH PELAYANAN IV;TIDAK MANTAP;RUSAK RINGAN;31.6;KILOMETER;2019
128;32;JAWA BARAT;3205;KABUPATEN GARUT;UPTD PENGELOLAAN JALAN DAN JEMBATAN WILAYAH PELAYANAN IV;TIDAK MANTAP;RUSAK BERAT;0.0;KILOMETER;2019
129;32;JAWA BARAT;3206;KABUPATEN TASIKMALAYA;UPTD PENGELOLAAN JALAN DAN JEMBATAN WILAYAH PELAYANAN V;MANTAP;BAIK;63.14;KILOMETER;2019
130;32;JAWA BARAT;3206;KABUPATEN TASIKMALAYA;UPTD PENGELOLAAN JALAN DAN JEMBATAN WILAYAH PELAYANAN V;MANTAP;SEDANG;48.3;KILOMETER;2019
131;32;JAWA BARAT;3206;KABUPATEN TASIKMALAYA;UPTD PENGELOLAAN JALAN DAN JEMBATAN WILAYAH PELAYANAN V;TIDAK MANTAP;RUSAK RINGAN;12.21;KILOMETER;2019
132;32;JAWA BARAT;3206;KABUPATEN TASIKMALAYA;UPTD PENGELOLAAN JALAN DAN JEMBATAN WILAYAH PELAYANAN V;TIDAK MANTAP;RUSAK BERAT;0.0;KILOMETER;2019
133;32;JAWA BARAT;3207;KABUPATEN CIAMIS;UPTD PENGELOLAAN JALAN DAN JEMBATAN WILAYAH PELAYANAN V;MANTAP;BAIK;8.81;KILOMETER;2019
134;32;JAWA BARAT;3207;KABUPATEN CIAMIS;UPTD PENGELOLAAN JALAN DAN JEMBATAN WILAYAH PELAYANAN V;MANTAP;SEDANG;16.72;KILOMETER;2019
135;32;JAWA BARAT;3207;KABUPATEN CIAMIS;UPTD PENGELOLAAN JALAN DAN JEMBATAN WILAYAH PELAYANAN V;TIDAK MANTAP;RUSAK RINGAN;3.1;KILOMETER;2019
136;32;JAWA BARAT;3207;KABUPATEN CIAMIS;UPTD PENGELOLAAN JALAN DAN JEMBATAN WILAYAH PELAYANAN V;TIDAK MANTAP;RUSAK BERAT;0.0;KILOMETER;2019
137;32;JAWA BARAT;3208;KABUPATEN KUNINGAN;UPTD PENGELOLAAN JALAN DAN JEMBATAN WILAYAH PELAYANAN V;MANTAP;BAIK;41.37;KILOMETER;2019
138;32;JAWA BARAT;3208;KABUPATEN KUNINGAN;UPTD PENGELOLAAN JALAN DAN JEMBATAN WILAYAH PELAYANAN V;MANTAP;SEDANG;39.15;KILOMETER;2019
139;32;JAWA BARAT;3208;KABUPATEN KUNINGAN;UPTD PENGELOLAAN JALAN DAN JEMBATAN WILAYAH PELAYANAN V;TIDAK MANTAP;RUSAK RINGAN;5.8;KILOMETER;2019
140;32;JAWA BARAT;3208;KABUPATEN KUNINGAN;UPTD PENGELOLAAN JALAN DAN JEMBATAN WILAYAH PELAYANAN V;TIDAK MANTAP;RUSAK BERAT;0.0;KILOMETER;2019
141;32;JAWA BARAT;3209;KABUPATEN CIREBON;UPTD PENGELOLAAN JALAN DAN JEMBATAN WILAYAH PELAYANAN VI;MANTAP;BAIK;31.79;KILOMETER;2019
142;32;JAWA BARAT;3209;KABUPATEN CIREBON;UPTD PENGELOLAAN JALAN DAN JEMBATAN WILAYAH PELAYANAN VI;MANTAP;SEDANG;38.12;KILOMETER;2019
143;32;JAWA BARAT;3209;KABUPATEN CIREBON;UPTD PENGELOLAAN JALAN DAN JEMBATAN WILAYAH PELAYANAN VI;TIDAK MANTAP;RUSAK RINGAN;2.47;KILOMETER;2019
144;32;JAWA BARAT;3209;KABUPATEN CIREBON;UPTD PENGELOLAAN JALAN DAN JEMBATAN WILAYAH PELAYANAN VI;TIDAK MANTAP;RUSAK BERAT;0.0;KILOMETER;2019
145;32;JAWA BARAT;3210;KABUPATEN MAJALENGKA;UPTD PENGELOLAAN JALAN DAN JEMBATAN WILAYAH PELAYANAN VI;MANTAP;BAIK;68.11;KILOMETER;2019
146;32;JAWA BARAT;3210;KABUPATEN MAJALENGKA;UPTD PENGELOLAAN JALAN DAN JEMBATAN WILAYAH PELAYANAN VI;MANTAP;SEDANG;42.74;KILOMETER;2019
147;32;JAWA BARAT;3210;KABUPATEN MAJALENGKA;UPTD PENGELOLAAN JALAN DAN JEMBATAN WILAYAH PELAYANAN VI;TIDAK MANTAP;RUSAK RINGAN;14.98;KILOMETER;2019
148;32;JAWA BARAT;3210;KABUPATEN MAJALENGKA;UPTD PENGELOLAAN JALAN DAN JEMBATAN WILAYAH PELAYANAN VI;TIDAK MANTAP;RUSAK BERAT;0.0;KILOMETER;2019
149;32;JAWA BARAT;3211;KABUPATEN SUMEDANG;UPTD PENGELOLAAN JALAN DAN JEMBATAN WILAYAH PELAYANAN IV;MANTAP;BAIK;17.57;KILOMETER;2019
150;32;JAWA BARAT;3211;KABUPATEN SUMEDANG;UPTD PENGELOLAAN JALAN DAN JEMBATAN WILAYAH PELAYANAN IV;MANTAP;SEDANG;86.73;KILOMETER;2019
151;32;JAWA BARAT;3211;KABUPATEN SUMEDANG;UPTD PENGELOLAAN JALAN DAN JEMBATAN WILAYAH PELAYANAN IV;TIDAK MANTAP;RUSAK RINGAN;11.5;KILOMETER;2019
152;32;JAWA BARAT;3211;KABUPATEN SUMEDANG;UPTD PENGELOLAAN JALAN DAN JEMBATAN WILAYAH PELAYANAN IV;TIDAK MANTAP;RUSAK BERAT;0.0;KILOMETER;2019
153;32;JAWA BARAT;3212;KABUPATEN INDRAMAYU;UPTD PENGELOLAAN JALAN DAN JEMBATAN WILAYAH PELAYANAN VI;MANTAP;BAIK;101.61;KILOMETER;2019
154;32;JAWA BARAT;3212;KABUPATEN INDRAMAYU;UPTD PENGELOLAAN JALAN DAN JEMBATAN WILAYAH PELAYANAN VI;MANTAP;SEDANG;46.53;KILOMETER;2019
155;32;JAWA BARAT;3212;KABUPATEN INDRAMAYU;UPTD PENGELOLAAN JALAN DAN JEMBATAN WILAYAH PELAYANAN VI;TIDAK MANTAP;RUSAK RINGAN;9.35;KILOMETER;2019
156;32;JAWA BARAT;3212;KABUPATEN INDRAMAYU;UPTD PENGELOLAAN JALAN DAN JEMBATAN WILAYAH PELAYANAN VI;TIDAK MANTAP;RUSAK BERAT;0.0;KILOMETER;2019
157;32;JAWA BARAT;3213;KABUPATEN SUBANG;UPTD PENGELOLAAN JALAN DAN JEMBATAN WILAYAH PELAYANAN III;MANTAP;BAIK;15.0;KILOMETER;2019
158;32;JAWA BARAT;3213;KABUPATEN SUBANG;UPTD PENGELOLAAN JALAN DAN JEMBATAN WILAYAH PELAYANAN III;MANTAP;SEDANG;146.84;KILOMETER;2019
159;32;JAWA BARAT;3213;KABUPATEN SUBANG;UPTD PENGELOLAAN JALAN DAN JEMBATAN WILAYAH PELAYANAN III;TIDAK MANTAP;RUSAK RINGAN;6.34;KILOMETER;2019
160;32;JAWA BARAT;3213;KABUPATEN SUBANG;UPTD PENGELOLAAN JALAN DAN JEMBATAN WILAYAH PELAYANAN III;TIDAK MANTAP;RUSAK BERAT;0.0;KILOMETER;2019
161;32;JAWA BARAT;3214;KABUPATEN PURWAKARTA;UPTD PENGELOLAAN JALAN DAN JEMBATAN WILAYAH PELAYANAN III;MANTAP;BAIK;16.67;KILOMETER;2019
162;32;JAWA BARAT;3214;KABUPATEN PURWAKARTA;UPTD PENGELOLAAN JALAN DAN JEMBATAN WILAYAH PELAYANAN III;MANTAP;SEDANG;52.35;KILOMETER;2019
163;32;JAWA BARAT;3214;KABUPATEN PURWAKARTA;UPTD PENGELOLAAN JALAN DAN JEMBATAN WILAYAH PELAYANAN III;TIDAK MANTAP;RUSAK RINGAN;1.49;KILOMETER;2019
164;32;JAWA BARAT;3214;KABUPATEN PURWAKARTA;UPTD PENGELOLAAN JALAN DAN JEMBATAN WILAYAH PELAYANAN III;TIDAK MANTAP;RUSAK BERAT;0.0;KILOMETER;2019
165;32;JAWA BARAT;3215;KABUPATEN KARAWANG;UPTD PENGELOLAAN JALAN DAN JEMBATAN WILAYAH PELAYANAN III;MANTAP;BAIK;5.34;KILOMETER;2019
166;32;JAWA BARAT;3215;KABUPATEN KARAWANG;UPTD PENGELOLAAN JALAN DAN JEMBATAN WILAYAH PELAYANAN III;MANTAP;SEDANG;73.0;KILOMETER;2019
167;32;JAWA BARAT;3215;KABUPATEN KARAWANG;UPTD PENGELOLAAN JALAN DAN JEMBATAN WILAYAH PELAYANAN III;TIDAK MANTAP;RUSAK RINGAN;1.49;KILOMETER;2019
168;32;JAWA BARAT;3215;KABUPATEN KARAWANG;UPTD PENGELOLAAN JALAN DAN JEMBATAN WILAYAH PELAYANAN III;TIDAK MANTAP;RUSAK BERAT;0.0;KILOMETER;2019
169;32;JAWA BARAT;3216;KABUPATEN BEKASI;UPTD PENGELOLAAN JALAN DAN JEMBATAN WILAYAH PELAYANAN I;MANTAP;BAIK;29.33;KILOMETER;2019
170;32;JAWA BARAT;3216;KABUPATEN BEKASI;UPTD PENGELOLAAN JALAN DAN JEMBATAN WILAYAH PELAYANAN I;MANTAP;SEDANG;2.2;KILOMETER;2019
171;32;JAWA BARAT;3216;KABUPATEN BEKASI;UPTD PENGELOLAAN JALAN DAN JEMBATAN WILAYAH PELAYANAN I;TIDAK MANTAP;RUSAK RINGAN;0.0;KILOMETER;2019
172;32;JAWA BARAT;3216;KABUPATEN BEKASI;UPTD PENGELOLAAN JALAN DAN JEMBATAN WILAYAH PELAYANAN I;TIDAK MANTAP;RUSAK BERAT;0.0;KILOMETER;2019
173;32;JAWA BARAT;3217;KABUPATEN BANDUNG BARAT;UPTD PENGELOLAAN JALAN DAN JEMBATAN WILAYAH PELAYANAN III;MANTAP;BAIK;17.68;KILOMETER;2019
174;32;JAWA BARAT;3217;KABUPATEN BANDUNG BARAT;UPTD PENGELOLAAN JALAN DAN JEMBATAN WILAYAH PELAYANAN III;MANTAP;SEDANG;51.4;KILOMETER;2019
175;32;JAWA BARAT;3217;KABUPATEN BANDUNG BARAT;UPTD PENGELOLAAN JALAN DAN JEMBATAN WILAYAH PELAYANAN III;TIDAK MANTAP;RUSAK RINGAN;4.09;KILOMETER;2019
176;32;JAWA BARAT;3217;KABUPATEN BANDUNG BARAT;UPTD PENGELOLAAN JALAN DAN JEMBATAN WILAYAH PELAYANAN III;TIDAK MANTAP;RUSAK BERAT;0.0;KILOMETER;2019
177;32;JAWA BARAT;3218;KABUPATEN PANGANDARAN;UPTD PENGELOLAAN JALAN DAN JEMBATAN WILAYAH PELAYANAN V;MANTAP;BAIK;4.55;KILOMETER;2019
178;32;JAWA BARAT;3218;KABUPATEN PANGANDARAN;UPTD PENGELOLAAN JALAN DAN JEMBATAN WILAYAH PELAYANAN V;MANTAP;SEDANG;2.95;KILOMETER;2019
179;32;JAWA BARAT;3218;KABUPATEN PANGANDARAN;UPTD PENGELOLAAN JALAN DAN JEMBATAN WILAYAH PELAYANAN V;TIDAK MANTAP;RUSAK RINGAN;1.39;KILOMETER;2019
180;32;JAWA BARAT;3218;KABUPATEN PANGANDARAN;UPTD PENGELOLAAN JALAN DAN JEMBATAN WILAYAH PELAYANAN V;TIDAK MANTAP;RUSAK BERAT;0.0;KILOMETER;2019
181;32;JAWA BARAT;3271;KOTA BOGOR;UPTD PENGELOLAAN JALAN DAN JEMBATAN WILAYAH PELAYANAN I;MANTAP;BAIK;8.55;KILOMETER;2019
182;32;JAWA BARAT;3271;KOTA BOGOR;UPTD PENGELOLAAN JALAN DAN JEMBATAN WILAYAH PELAYANAN I;MANTAP;SEDANG;2.61;KILOMETER;2019
183;32;JAWA BARAT;3271;KOTA BOGOR;UPTD PENGELOLAAN JALAN DAN JEMBATAN WILAYAH PELAYANAN I;TIDAK MANTAP;RUSAK RINGAN;0.0;KILOMETER;2019
184;32;JAWA BARAT;3271;KOTA BOGOR;UPTD PENGELOLAAN JALAN DAN JEMBATAN WILAYAH PELAYANAN I;TIDAK MANTAP;RUSAK BERAT;0.0;KILOMETER;2019
185;32;JAWA BARAT;3272;KOTA SUKABUMI;UPTD PENGELOLAAN JALAN DAN JEMBATAN WILAYAH PELAYANAN II;MANTAP;BAIK;15.15;KILOMETER;2019
186;32;JAWA BARAT;3272;KOTA SUKABUMI;UPTD PENGELOLAAN JALAN DAN JEMBATAN WILAYAH PELAYANAN II;MANTAP;SEDANG;15.92;KILOMETER;2019
187;32;JAWA BARAT;3272;KOTA SUKABUMI;UPTD PENGELOLAAN JALAN DAN JEMBATAN WILAYAH PELAYANAN II;TIDAK MANTAP;RUSAK RINGAN;0.85;KILOMETER;2019
188;32;JAWA BARAT;3272;KOTA SUKABUMI;UPTD PENGELOLAAN JALAN DAN JEMBATAN WILAYAH PELAYANAN II;TIDAK MANTAP;RUSAK BERAT;1.64;KILOMETER;2019
189;32;JAWA BARAT;3273;KOTA BANDUNG;UPTD PENGELOLAAN JALAN DAN JEMBATAN WILAYAH PELAYANAN III;MANTAP;BAIK;8.86;KILOMETER;2019
190;32;JAWA BARAT;3273;KOTA BANDUNG;UPTD PENGELOLAAN JALAN DAN JEMBATAN WILAYAH PELAYANAN III;MANTAP;SEDANG;27.72;KILOMETER;2019
191;32;JAWA BARAT;3273;KOTA BANDUNG;UPTD PENGELOLAAN JALAN DAN JEMBATAN WILAYAH PELAYANAN III;TIDAK MANTAP;RUSAK RINGAN;1.87;KILOMETER;2019
192;32;JAWA BARAT;3273;KOTA BANDUNG;UPTD PENGELOLAAN JALAN DAN JEMBATAN WILAYAH PELAYANAN III;TIDAK MANTAP;RUSAK BERAT;0.0;KILOMETER;2019
193;32;JAWA BARAT;3274;KOTA CIREBON;UPTD PENGELOLAAN JALAN DAN JEMBATAN WILAYAH PELAYANAN VI;MANTAP;BAIK;4.83;KILOMETER;2019
194;32;JAWA BARAT;3274;KOTA CIREBON;UPTD PENGELOLAAN JALAN DAN JEMBATAN WILAYAH PELAYANAN VI;MANTAP;SEDANG;1.72;KILOMETER;2019
195;32;JAWA BARAT;3274;KOTA CIREBON;UPTD PENGELOLAAN JALAN DAN JEMBATAN WILAYAH PELAYANAN VI;TIDAK MANTAP;RUSAK RINGAN;0.0;KILOMETER;2019
196;32;JAWA BARAT;3274;KOTA CIREBON;UPTD PENGELOLAAN JALAN DAN JEMBATAN WILAYAH PELAYANAN VI;TIDAK MANTAP;RUSAK BERAT;0.0;KILOMETER;2019
197;32;JAWA BARAT;3275;KOTA BEKASI;UPTD PENGELOLAAN JALAN DAN JEMBATAN WILAYAH PELAYANAN I;MANTAP;BAIK;19.86;KILOMETER;2019
198;32;JAWA BARAT;3275;KOTA BEKASI;UPTD PENGELOLAAN JALAN DAN JEMBATAN WILAYAH PELAYANAN I;MANTAP;SEDANG;0.0;KILOMETER;2019
199;32;JAWA BARAT;3275;KOTA BEKASI;UPTD PENGELOLAAN JALAN DAN JEMBATAN WILAYAH PELAYANAN I;TIDAK MANTAP;RUSAK RINGAN;2.1;KILOMETER;2019
200;32;JAWA BARAT;3275;KOTA BEKASI;UPTD PENGELOLAAN JALAN DAN JEMBATAN WILAYAH PELAYANAN I;TIDAK MANTAP;RUSAK BERAT;0.0;KILOMETER;2019
201;32;JAWA BARAT;3276;KOTA DEPOK;UPTD PENGELOLAAN JALAN DAN JEMBATAN WILAYAH PELAYANAN I;MANTAP;BAIK;9.17;KILOMETER;2019
202;32;JAWA BARAT;3276;KOTA DEPOK;UPTD PENGELOLAAN JALAN DAN JEMBATAN WILAYAH PELAYANAN I;MANTAP;SEDANG;0.0;KILOMETER;2019
203;32;JAWA BARAT;3276;KOTA DEPOK;UPTD PENGELOLAAN JALAN DAN JEMBATAN WILAYAH PELAYANAN I;TIDAK MANTAP;RUSAK RINGAN;2.56;KILOMETER;2019
204;32;JAWA BARAT;3276;KOTA DEPOK;UPTD PENGELOLAAN JALAN DAN JEMBATAN WILAYAH PELAYANAN I;TIDAK MANTAP;RUSAK BERAT;0.0;KILOMETER;2019
205;32;JAWA BARAT;3277;KOTA CIMAHI;UPTD PENGELOLAAN JALAN DAN JEMBATAN WILAYAH PELAYANAN III;MANTAP;BAIK;4.67;KILOMETER;2019
206;32;JAWA BARAT;3277;KOTA CIMAHI;UPTD PENGELOLAAN JALAN DAN JEMBATAN WILAYAH PELAYANAN III;MANTAP;SEDANG;4.63;KILOMETER;2019
207;32;JAWA BARAT;3277;KOTA CIMAHI;UPTD PENGELOLAAN JALAN DAN JEMBATAN WILAYAH PELAYANAN III;TIDAK MANTAP;RUSAK RINGAN;0.06;KILOMETER;2019
208;32;JAWA BARAT;3277;KOTA CIMAHI;UPTD PENGELOLAAN JALAN DAN JEMBATAN WILAYAH PELAYANAN III;TIDAK MANTAP;RUSAK BERAT;0.0;KILOMETER;2019
209;32;JAWA BARAT;3278;KOTA TASIKMALAYA;UPTD PENGELOLAAN JALAN DAN JEMBATAN WILAYAH PELAYANAN V;MANTAP;BAIK;4.51;KILOMETER;2019
210;32;JAWA BARAT;3278;KOTA TASIKMALAYA;UPTD PENGELOLAAN JALAN DAN JEMBATAN WILAYAH PELAYANAN V;MANTAP;SEDANG;24.96;KILOMETER;2019
211;32;JAWA BARAT;3278;KOTA TASIKMALAYA;UPTD PENGELOLAAN JALAN DAN JEMBATAN WILAYAH PELAYANAN V;TIDAK MANTAP;RUSAK RINGAN;0.5;KILOMETER;2019
212;32;JAWA BARAT;3278;KOTA TASIKMALAYA;UPTD PENGELOLAAN JALAN DAN JEMBATAN WILAYAH PELAYANAN V;TIDAK MANTAP;RUSAK BERAT;0.0;KILOMETER;2019
213;32;JAWA BARAT;3279;KOTA BANJAR;UPTD PENGELOLAAN JALAN DAN JEMBATAN WILAYAH PELAYANAN V;MANTAP;BAIK;6.82;KILOMETER;2019
214;32;JAWA BARAT;3279;KOTA BANJAR;UPTD PENGELOLAAN JALAN DAN JEMBATAN WILAYAH PELAYANAN V;MANTAP;SEDANG;0.73;KILOMETER;2019
215;32;JAWA BARAT;3279;KOTA BANJAR;UPTD PENGELOLAAN JALAN DAN JEMBATAN WILAYAH PELAYANAN V;TIDAK MANTAP;RUSAK RINGAN;1.43;KILOMETER;2019
216;32;JAWA BARAT;3279;KOTA BANJAR;UPTD PENGELOLAAN JALAN DAN JEMBATAN WILAYAH PELAYANAN V;TIDAK MANTAP;RUSAK BERAT;0.0;KILOMETER;2019
217;32;JAWA BARAT;3201;KABUPATEN BOGOR;UPTD PENGELOLAAN JALAN DAN JEMBATAN WILAYAH PELAYANAN I;MANTAP;BAIK;100.94;KILOMETER;2020
218;32;JAWA BARAT;3201;KABUPATEN BOGOR;UPTD PENGELOLAAN JALAN DAN JEMBATAN WILAYAH PELAYANAN I;MANTAP;SEDANG;25.07;KILOMETER;2020
219;32;JAWA BARAT;3201;KABUPATEN BOGOR;UPTD PENGELOLAAN JALAN DAN JEMBATAN WILAYAH PELAYANAN I;TIDAK MANTAP;RUSAK RINGAN;4.3;KILOMETER;2020
220;32;JAWA BARAT;3201;KABUPATEN BOGOR;UPTD PENGELOLAAN JALAN DAN JEMBATAN WILAYAH PELAYANAN I;TIDAK MANTAP;RUSAK BERAT;2.5;KILOMETER;2020
221;32;JAWA BARAT;3202;KABUPATEN SUKABUMI;UPTD PENGELOLAAN JALAN DAN JEMBATAN WILAYAH PELAYANAN II;MANTAP;BAIK;210.52;KILOMETER;2020
222;32;JAWA BARAT;3202;KABUPATEN SUKABUMI;UPTD PENGELOLAAN JALAN DAN JEMBATAN WILAYAH PELAYANAN II;MANTAP;SEDANG;45.11;KILOMETER;2020
223;32;JAWA BARAT;3202;KABUPATEN SUKABUMI;UPTD PENGELOLAAN JALAN DAN JEMBATAN WILAYAH PELAYANAN II;TIDAK MANTAP;RUSAK RINGAN;42.29;KILOMETER;2020
224;32;JAWA BARAT;3202;KABUPATEN SUKABUMI;UPTD PENGELOLAAN JALAN DAN JEMBATAN WILAYAH PELAYANAN II;TIDAK MANTAP;RUSAK BERAT;34.0;KILOMETER;2020
225;32;JAWA BARAT;3203;KABUPATEN CIANJUR;UPTD PENGELOLAAN JALAN DAN JEMBATAN WILAYAH PELAYANAN I;MANTAP;BAIK;93.31;KILOMETER;2020
226;32;JAWA BARAT;3203;KABUPATEN CIANJUR;UPTD PENGELOLAAN JALAN DAN JEMBATAN WILAYAH PELAYANAN I;MANTAP;SEDANG;45.56;KILOMETER;2020
227;32;JAWA BARAT;3203;KABUPATEN CIANJUR;UPTD PENGELOLAAN JALAN DAN JEMBATAN WILAYAH PELAYANAN I;TIDAK MANTAP;RUSAK RINGAN;20.01;KILOMETER;2020
228;32;JAWA BARAT;3203;KABUPATEN CIANJUR;UPTD PENGELOLAAN JALAN DAN JEMBATAN WILAYAH PELAYANAN I;TIDAK MANTAP;RUSAK BERAT;27.52;KILOMETER;2020
229;32;JAWA BARAT;3204;KABUPATEN BANDUNG;UPTD PENGELOLAAN JALAN DAN JEMBATAN WILAYAH PELAYANAN III;MANTAP;BAIK;95.77;KILOMETER;2020
230;32;JAWA BARAT;3204;KABUPATEN BANDUNG;UPTD PENGELOLAAN JALAN DAN JEMBATAN WILAYAH PELAYANAN III;MANTAP;SEDANG;27.76;KILOMETER;2020
231;32;JAWA BARAT;3204;KABUPATEN BANDUNG;UPTD PENGELOLAAN JALAN DAN JEMBATAN WILAYAH PELAYANAN III;TIDAK MANTAP;RUSAK RINGAN;3.0;KILOMETER;2020
232;32;JAWA BARAT;3204;KABUPATEN BANDUNG;UPTD PENGELOLAAN JALAN DAN JEMBATAN WILAYAH PELAYANAN III;TIDAK MANTAP;RUSAK BERAT;1.0;KILOMETER;2020
233;32;JAWA BARAT;3205;KABUPATEN GARUT;UPTD PENGELOLAAN JALAN DAN JEMBATAN WILAYAH PELAYANAN IV;MANTAP;BAIK;173.35;KILOMETER;2020
234;32;JAWA BARAT;3205;KABUPATEN GARUT;UPTD PENGELOLAAN JALAN DAN JEMBATAN WILAYAH PELAYANAN IV;MANTAP;SEDANG;59.48;KILOMETER;2020
235;32;JAWA BARAT;3205;KABUPATEN GARUT;UPTD PENGELOLAAN JALAN DAN JEMBATAN WILAYAH PELAYANAN IV;TIDAK MANTAP;RUSAK RINGAN;13.4;KILOMETER;2020
236;32;JAWA BARAT;3205;KABUPATEN GARUT;UPTD PENGELOLAAN JALAN DAN JEMBATAN WILAYAH PELAYANAN IV;TIDAK MANTAP;RUSAK BERAT;39.8;KILOMETER;2020
237;32;JAWA BARAT;3206;KABUPATEN TASIKMALAYA;UPTD PENGELOLAAN JALAN DAN JEMBATAN WILAYAH PELAYANAN V;MANTAP;BAIK;92.25;KILOMETER;2020
238;32;JAWA BARAT;3206;KABUPATEN TASIKMALAYA;UPTD PENGELOLAAN JALAN DAN JEMBATAN WILAYAH PELAYANAN V;MANTAP;SEDANG;12.22;KILOMETER;2020
239;32;JAWA BARAT;3206;KABUPATEN TASIKMALAYA;UPTD PENGELOLAAN JALAN DAN JEMBATAN WILAYAH PELAYANAN V;TIDAK MANTAP;RUSAK RINGAN;13.8;KILOMETER;2020
240;32;JAWA BARAT;3206;KABUPATEN TASIKMALAYA;UPTD PENGELOLAAN JALAN DAN JEMBATAN WILAYAH PELAYANAN V;TIDAK MANTAP;RUSAK BERAT;2.1;KILOMETER;2020
241;32;JAWA BARAT;3207;KABUPATEN CIAMIS;UPTD PENGELOLAAN JALAN DAN JEMBATAN WILAYAH PELAYANAN V;MANTAP;BAIK;23.93;KILOMETER;2020
242;32;JAWA BARAT;3207;KABUPATEN CIAMIS;UPTD PENGELOLAAN JALAN DAN JEMBATAN WILAYAH PELAYANAN V;MANTAP;SEDANG;1.8;KILOMETER;2020
243;32;JAWA BARAT;3207;KABUPATEN CIAMIS;UPTD PENGELOLAAN JALAN DAN JEMBATAN WILAYAH PELAYANAN V;TIDAK MANTAP;RUSAK RINGAN;0.9;KILOMETER;2020
244;32;JAWA BARAT;3207;KABUPATEN CIAMIS;UPTD PENGELOLAAN JALAN DAN JEMBATAN WILAYAH PELAYANAN V;TIDAK MANTAP;RUSAK BERAT;2.0;KILOMETER;2020
245;32;JAWA BARAT;3208;KABUPATEN KUNINGAN;UPTD PENGELOLAAN JALAN DAN JEMBATAN WILAYAH PELAYANAN V;MANTAP;BAIK;59.91;KILOMETER;2020
246;32;JAWA BARAT;3208;KABUPATEN KUNINGAN;UPTD PENGELOLAAN JALAN DAN JEMBATAN WILAYAH PELAYANAN V;MANTAP;SEDANG;13.87;KILOMETER;2020
247;32;JAWA BARAT;3208;KABUPATEN KUNINGAN;UPTD PENGELOLAAN JALAN DAN JEMBATAN WILAYAH PELAYANAN V;TIDAK MANTAP;RUSAK RINGAN;4.8;KILOMETER;2020
248;32;JAWA BARAT;3208;KABUPATEN KUNINGAN;UPTD PENGELOLAAN JALAN DAN JEMBATAN WILAYAH PELAYANAN V;TIDAK MANTAP;RUSAK BERAT;7.75;KILOMETER;2020
249;32;JAWA BARAT;3209;KABUPATEN CIREBON;UPTD PENGELOLAAN JALAN DAN JEMBATAN WILAYAH PELAYANAN VI;MANTAP;BAIK;61.51;KILOMETER;2020
250;32;JAWA BARAT;3209;KABUPATEN CIREBON;UPTD PENGELOLAAN JALAN DAN JEMBATAN WILAYAH PELAYANAN VI;MANTAP;SEDANG;7.42;KILOMETER;2020
251;32;JAWA BARAT;3209;KABUPATEN CIREBON;UPTD PENGELOLAAN JALAN DAN JEMBATAN WILAYAH PELAYANAN VI;TIDAK MANTAP;RUSAK RINGAN;0.0;KILOMETER;2020
252;32;JAWA BARAT;3209;KABUPATEN CIREBON;UPTD PENGELOLAAN JALAN DAN JEMBATAN WILAYAH PELAYANAN VI;TIDAK MANTAP;RUSAK BERAT;3.44;KILOMETER;2020
253;32;JAWA BARAT;3210;KABUPATEN MAJALENGKA;UPTD PENGELOLAAN JALAN DAN JEMBATAN WILAYAH PELAYANAN VI;MANTAP;BAIK;114.63;KILOMETER;2020
254;32;JAWA BARAT;3210;KABUPATEN MAJALENGKA;UPTD PENGELOLAAN JALAN DAN JEMBATAN WILAYAH PELAYANAN VI;MANTAP;SEDANG;6.4;KILOMETER;2020
255;32;JAWA BARAT;3210;KABUPATEN MAJALENGKA;UPTD PENGELOLAAN JALAN DAN JEMBATAN WILAYAH PELAYANAN VI;TIDAK MANTAP;RUSAK RINGAN;1.5;KILOMETER;2020
256;32;JAWA BARAT;3210;KABUPATEN MAJALENGKA;UPTD PENGELOLAAN JALAN DAN JEMBATAN WILAYAH PELAYANAN VI;TIDAK MANTAP;RUSAK BERAT;3.3;KILOMETER;2020
257;32;JAWA BARAT;3211;KABUPATEN SUMEDANG;UPTD PENGELOLAAN JALAN DAN JEMBATAN WILAYAH PELAYANAN IV;MANTAP;BAIK;76.98;KILOMETER;2020
258;32;JAWA BARAT;3211;KABUPATEN SUMEDANG;UPTD PENGELOLAAN JALAN DAN JEMBATAN WILAYAH PELAYANAN IV;MANTAP;SEDANG;25.72;KILOMETER;2020
259;32;JAWA BARAT;3211;KABUPATEN SUMEDANG;UPTD PENGELOLAAN JALAN DAN JEMBATAN WILAYAH PELAYANAN IV;TIDAK MANTAP;RUSAK RINGAN;1.5;KILOMETER;2020
260;32;JAWA BARAT;3211;KABUPATEN SUMEDANG;UPTD PENGELOLAAN JALAN DAN JEMBATAN WILAYAH PELAYANAN IV;TIDAK MANTAP;RUSAK BERAT;11.6;KILOMETER;2020
261;32;JAWA BARAT;3212;KABUPATEN INDRAMAYU;UPTD PENGELOLAAN JALAN DAN JEMBATAN WILAYAH PELAYANAN VI;MANTAP;BAIK;141.99;KILOMETER;2020
262;32;JAWA BARAT;3212;KABUPATEN INDRAMAYU;UPTD PENGELOLAAN JALAN DAN JEMBATAN WILAYAH PELAYANAN VI;MANTAP;SEDANG;7.2;KILOMETER;2020
263;32;JAWA BARAT;3212;KABUPATEN INDRAMAYU;UPTD PENGELOLAAN JALAN DAN JEMBATAN WILAYAH PELAYANAN VI;TIDAK MANTAP;RUSAK RINGAN;4.9;KILOMETER;2020
264;32;JAWA BARAT;3212;KABUPATEN INDRAMAYU;UPTD PENGELOLAAN JALAN DAN JEMBATAN WILAYAH PELAYANAN VI;TIDAK MANTAP;RUSAK BERAT;3.4;KILOMETER;2020
265;32;JAWA BARAT;3213;KABUPATEN SUBANG;UPTD PENGELOLAAN JALAN DAN JEMBATAN WILAYAH PELAYANAN III;MANTAP;BAIK;140.98;KILOMETER;2020
266;32;JAWA BARAT;3213;KABUPATEN SUBANG;UPTD PENGELOLAAN JALAN DAN JEMBATAN WILAYAH PELAYANAN III;MANTAP;SEDANG;18.89;KILOMETER;2020
267;32;JAWA BARAT;3213;KABUPATEN SUBANG;UPTD PENGELOLAAN JALAN DAN JEMBATAN WILAYAH PELAYANAN III;TIDAK MANTAP;RUSAK RINGAN;8.31;KILOMETER;2020
268;32;JAWA BARAT;3213;KABUPATEN SUBANG;UPTD PENGELOLAAN JALAN DAN JEMBATAN WILAYAH PELAYANAN III;TIDAK MANTAP;RUSAK BERAT;0.0;KILOMETER;2020
269;32;JAWA BARAT;3214;KABUPATEN PURWAKARTA;UPTD PENGELOLAAN JALAN DAN JEMBATAN WILAYAH PELAYANAN III;MANTAP;BAIK;46.6;KILOMETER;2020
270;32;JAWA BARAT;3214;KABUPATEN PURWAKARTA;UPTD PENGELOLAAN JALAN DAN JEMBATAN WILAYAH PELAYANAN III;MANTAP;SEDANG;17.07;KILOMETER;2020
271;32;JAWA BARAT;3214;KABUPATEN PURWAKARTA;UPTD PENGELOLAAN JALAN DAN JEMBATAN WILAYAH PELAYANAN III;TIDAK MANTAP;RUSAK RINGAN;6.84;KILOMETER;2020
272;32;JAWA BARAT;3214;KABUPATEN PURWAKARTA;UPTD PENGELOLAAN JALAN DAN JEMBATAN WILAYAH PELAYANAN III;TIDAK MANTAP;RUSAK BERAT;0.0;KILOMETER;2020
273;32;JAWA BARAT;3215;KABUPATEN KARAWANG;UPTD PENGELOLAAN JALAN DAN JEMBATAN WILAYAH PELAYANAN III;MANTAP;BAIK;28.62;KILOMETER;2020
274;32;JAWA BARAT;3215;KABUPATEN KARAWANG;UPTD PENGELOLAAN JALAN DAN JEMBATAN WILAYAH PELAYANAN III;MANTAP;SEDANG;35.35;KILOMETER;2020
275;32;JAWA BARAT;3215;KABUPATEN KARAWANG;UPTD PENGELOLAAN JALAN DAN JEMBATAN WILAYAH PELAYANAN III;TIDAK MANTAP;RUSAK RINGAN;13.86;KILOMETER;2020
276;32;JAWA BARAT;3215;KABUPATEN KARAWANG;UPTD PENGELOLAAN JALAN DAN JEMBATAN WILAYAH PELAYANAN III;TIDAK MANTAP;RUSAK BERAT;2.0;KILOMETER;2020
277;32;JAWA BARAT;3216;KABUPATEN BEKASI;UPTD PENGELOLAAN JALAN DAN JEMBATAN WILAYAH PELAYANAN I;MANTAP;BAIK;15.83;KILOMETER;2020
278;32;JAWA BARAT;3216;KABUPATEN BEKASI;UPTD PENGELOLAAN JALAN DAN JEMBATAN WILAYAH PELAYANAN I;MANTAP;SEDANG;14.7;KILOMETER;2020
279;32;JAWA BARAT;3216;KABUPATEN BEKASI;UPTD PENGELOLAAN JALAN DAN JEMBATAN WILAYAH PELAYANAN I;TIDAK MANTAP;RUSAK RINGAN;0.4;KILOMETER;2020
280;32;JAWA BARAT;3216;KABUPATEN BEKASI;UPTD PENGELOLAAN JALAN DAN JEMBATAN WILAYAH PELAYANAN I;TIDAK MANTAP;RUSAK BERAT;0.6;KILOMETER;2020
281;32;JAWA BARAT;3217;KABUPATEN BANDUNG BARAT;UPTD PENGELOLAAN JALAN DAN JEMBATAN WILAYAH PELAYANAN III;MANTAP;BAIK;51.83;KILOMETER;2020
282;32;JAWA BARAT;3217;KABUPATEN BANDUNG BARAT;UPTD PENGELOLAAN JALAN DAN JEMBATAN WILAYAH PELAYANAN III;MANTAP;SEDANG;13.24;KILOMETER;2020
283;32;JAWA BARAT;3217;KABUPATEN BANDUNG BARAT;UPTD PENGELOLAAN JALAN DAN JEMBATAN WILAYAH PELAYANAN III;TIDAK MANTAP;RUSAK RINGAN;3.2;KILOMETER;2020
284;32;JAWA BARAT;3217;KABUPATEN BANDUNG BARAT;UPTD PENGELOLAAN JALAN DAN JEMBATAN WILAYAH PELAYANAN III;TIDAK MANTAP;RUSAK BERAT;4.75;KILOMETER;2020
285;32;JAWA BARAT;3218;KABUPATEN PANGANDARAN;UPTD PENGELOLAAN JALAN DAN JEMBATAN WILAYAH PELAYANAN V;MANTAP;BAIK;6.49;KILOMETER;2020
286;32;JAWA BARAT;3218;KABUPATEN PANGANDARAN;UPTD PENGELOLAAN JALAN DAN JEMBATAN WILAYAH PELAYANAN V;MANTAP;SEDANG;1.6;KILOMETER;2020
287;32;JAWA BARAT;3218;KABUPATEN PANGANDARAN;UPTD PENGELOLAAN JALAN DAN JEMBATAN WILAYAH PELAYANAN V;TIDAK MANTAP;RUSAK RINGAN;0.2;KILOMETER;2020
288;32;JAWA BARAT;3218;KABUPATEN PANGANDARAN;UPTD PENGELOLAAN JALAN DAN JEMBATAN WILAYAH PELAYANAN V;TIDAK MANTAP;RUSAK BERAT;0.6;KILOMETER;2020
289;32;JAWA BARAT;3271;KOTA BOGOR;UPTD PENGELOLAAN JALAN DAN JEMBATAN WILAYAH PELAYANAN I;MANTAP;BAIK;10.6;KILOMETER;2020
290;32;JAWA BARAT;3271;KOTA BOGOR;UPTD PENGELOLAAN JALAN DAN JEMBATAN WILAYAH PELAYANAN I;MANTAP;SEDANG;0.56;KILOMETER;2020
291;32;JAWA BARAT;3271;KOTA BOGOR;UPTD PENGELOLAAN JALAN DAN JEMBATAN WILAYAH PELAYANAN I;TIDAK MANTAP;RUSAK RINGAN;0.0;KILOMETER;2020
292;32;JAWA BARAT;3271;KOTA BOGOR;UPTD PENGELOLAAN JALAN DAN JEMBATAN WILAYAH PELAYANAN I;TIDAK MANTAP;RUSAK BERAT;0.0;KILOMETER;2020
293;32;JAWA BARAT;3272;KOTA SUKABUMI;UPTD PENGELOLAAN JALAN DAN JEMBATAN WILAYAH PELAYANAN II;MANTAP;BAIK;32.21;KILOMETER;2020
294;32;JAWA BARAT;3272;KOTA SUKABUMI;UPTD PENGELOLAAN JALAN DAN JEMBATAN WILAYAH PELAYANAN II;MANTAP;SEDANG;0.94;KILOMETER;2020
295;32;JAWA BARAT;3272;KOTA SUKABUMI;UPTD PENGELOLAAN JALAN DAN JEMBATAN WILAYAH PELAYANAN II;TIDAK MANTAP;RUSAK RINGAN;0.2;KILOMETER;2020
296;32;JAWA BARAT;3272;KOTA SUKABUMI;UPTD PENGELOLAAN JALAN DAN JEMBATAN WILAYAH PELAYANAN II;TIDAK MANTAP;RUSAK BERAT;0.2;KILOMETER;2020
297;32;JAWA BARAT;3273;KOTA BANDUNG;UPTD PENGELOLAAN JALAN DAN JEMBATAN WILAYAH PELAYANAN III;MANTAP;BAIK;38.45;KILOMETER;2020
298;32;JAWA BARAT;3273;KOTA BANDUNG;UPTD PENGELOLAAN JALAN DAN JEMBATAN WILAYAH PELAYANAN III;MANTAP;SEDANG;0.0;KILOMETER;2020
299;32;JAWA BARAT;3273;KOTA BANDUNG;UPTD PENGELOLAAN JALAN DAN JEMBATAN WILAYAH PELAYANAN III;TIDAK MANTAP;RUSAK RINGAN;0.0;KILOMETER;2020
300;32;JAWA BARAT;3273;KOTA BANDUNG;UPTD PENGELOLAAN JALAN DAN JEMBATAN WILAYAH PELAYANAN III;TIDAK MANTAP;RUSAK BERAT;0.0;KILOMETER;2020
301;32;JAWA BARAT;3274;KOTA CIREBON;UPTD PENGELOLAAN JALAN DAN JEMBATAN WILAYAH PELAYANAN VI;MANTAP;BAIK;5.65;KILOMETER;2020
302;32;JAWA BARAT;3274;KOTA CIREBON;UPTD PENGELOLAAN JALAN DAN JEMBATAN WILAYAH PELAYANAN VI;MANTAP;SEDANG;0.3;KILOMETER;2020
303;32;JAWA BARAT;3274;KOTA CIREBON;UPTD PENGELOLAAN JALAN DAN JEMBATAN WILAYAH PELAYANAN VI;TIDAK MANTAP;RUSAK RINGAN;0.0;KILOMETER;2020
304;32;JAWA BARAT;3274;KOTA CIREBON;UPTD PENGELOLAAN JALAN DAN JEMBATAN WILAYAH PELAYANAN VI;TIDAK MANTAP;RUSAK BERAT;0.6;KILOMETER;2020
305;32;JAWA BARAT;3275;KOTA BEKASI;UPTD PENGELOLAAN JALAN DAN JEMBATAN WILAYAH PELAYANAN I;MANTAP;BAIK;19.77;KILOMETER;2020
306;32;JAWA BARAT;3275;KOTA BEKASI;UPTD PENGELOLAAN JALAN DAN JEMBATAN WILAYAH PELAYANAN I;MANTAP;SEDANG;2.08;KILOMETER;2020
307;32;JAWA BARAT;3275;KOTA BEKASI;UPTD PENGELOLAAN JALAN DAN JEMBATAN WILAYAH PELAYANAN I;TIDAK MANTAP;RUSAK RINGAN;0.1;KILOMETER;2020
308;32;JAWA BARAT;3275;KOTA BEKASI;UPTD PENGELOLAAN JALAN DAN JEMBATAN WILAYAH PELAYANAN I;TIDAK MANTAP;RUSAK BERAT;0.0;KILOMETER;2020
309;32;JAWA BARAT;3276;KOTA DEPOK;UPTD PENGELOLAAN JALAN DAN JEMBATAN WILAYAH PELAYANAN I;MANTAP;BAIK;8.84;KILOMETER;2020
310;32;JAWA BARAT;3276;KOTA DEPOK;UPTD PENGELOLAAN JALAN DAN JEMBATAN WILAYAH PELAYANAN I;MANTAP;SEDANG;2.89;KILOMETER;2020
311;32;JAWA BARAT;3276;KOTA DEPOK;UPTD PENGELOLAAN JALAN DAN JEMBATAN WILAYAH PELAYANAN I;TIDAK MANTAP;RUSAK RINGAN;0.0;KILOMETER;2020
312;32;JAWA BARAT;3276;KOTA DEPOK;UPTD PENGELOLAAN JALAN DAN JEMBATAN WILAYAH PELAYANAN I;TIDAK MANTAP;RUSAK BERAT;0.0;KILOMETER;2020
313;32;JAWA BARAT;3277;KOTA CIMAHI;UPTD PENGELOLAAN JALAN DAN JEMBATAN WILAYAH PELAYANAN III;MANTAP;BAIK;6.82;KILOMETER;2020
314;32;JAWA BARAT;3277;KOTA CIMAHI;UPTD PENGELOLAAN JALAN DAN JEMBATAN WILAYAH PELAYANAN III;MANTAP;SEDANG;1.59;KILOMETER;2020
315;32;JAWA BARAT;3277;KOTA CIMAHI;UPTD PENGELOLAAN JALAN DAN JEMBATAN WILAYAH PELAYANAN III;TIDAK MANTAP;RUSAK RINGAN;0.95;KILOMETER;2020
316;32;JAWA BARAT;3277;KOTA CIMAHI;UPTD PENGELOLAAN JALAN DAN JEMBATAN WILAYAH PELAYANAN III;TIDAK MANTAP;RUSAK BERAT;0.0;KILOMETER;2020
317;32;JAWA BARAT;3278;KOTA TASIKMALAYA;UPTD PENGELOLAAN JALAN DAN JEMBATAN WILAYAH PELAYANAN V;MANTAP;BAIK;22.24;KILOMETER;2020
318;32;JAWA BARAT;3278;KOTA TASIKMALAYA;UPTD PENGELOLAAN JALAN DAN JEMBATAN WILAYAH PELAYANAN V;MANTAP;SEDANG;9.4;KILOMETER;2020
319;32;JAWA BARAT;3278;KOTA TASIKMALAYA;UPTD PENGELOLAAN JALAN DAN JEMBATAN WILAYAH PELAYANAN V;TIDAK MANTAP;RUSAK RINGAN;0.0;KILOMETER;2020
320;32;JAWA BARAT;3278;KOTA TASIKMALAYA;UPTD PENGELOLAAN JALAN DAN JEMBATAN WILAYAH PELAYANAN V;TIDAK MANTAP;RUSAK BERAT;1.6;KILOMETER;2020
321;32;JAWA BARAT;3279;KOTA BANJAR;UPTD PENGELOLAAN JALAN DAN JEMBATAN WILAYAH PELAYANAN V;MANTAP;BAIK;5.77;KILOMETER;2020
322;32;JAWA BARAT;3279;KOTA BANJAR;UPTD PENGELOLAAN JALAN DAN JEMBATAN WILAYAH PELAYANAN V;MANTAP;SEDANG;2.6;KILOMETER;2020
323;32;JAWA BARAT;3279;KOTA BANJAR;UPTD PENGELOLAAN JALAN DAN JEMBATAN WILAYAH PELAYANAN V;TIDAK MANTAP;RUSAK RINGAN;0.0;KILOMETER;2020
324;32;JAWA BARAT;3279;KOTA BANJAR;UPTD PENGELOLAAN JALAN DAN JEMBATAN WILAYAH PELAYANAN V;TIDAK MANTAP;RUSAK BERAT;0.6;KILOMETER;2020
325;32;JAWA BARAT;3201;KABUPATEN BOGOR;UPTD PENGELOLAAN JALAN DAN JEMBATAN WILAYAH PELAYANAN I;MANTAP;BAIK;50.67;KILOMETER;2021
326;32;JAWA BARAT;3201;KABUPATEN BOGOR;UPTD PENGELOLAAN JALAN DAN JEMBATAN WILAYAH PELAYANAN I;MANTAP;SEDANG;60.02;KILOMETER;2021
327;32;JAWA BARAT;3201;KABUPATEN BOGOR;UPTD PENGELOLAAN JALAN DAN JEMBATAN WILAYAH PELAYANAN I;TIDAK MANTAP;RUSAK RINGAN;21.83;KILOMETER;2021
328;32;JAWA BARAT;3201;KABUPATEN BOGOR;UPTD PENGELOLAAN JALAN DAN JEMBATAN WILAYAH PELAYANAN I;TIDAK MANTAP;RUSAK BERAT;0.3;KILOMETER;2021
329;32;JAWA BARAT;3202;KABUPATEN SUKABUMI;UPTD PENGELOLAAN JALAN DAN JEMBATAN WILAYAH PELAYANAN II;MANTAP;BAIK;206.83;KILOMETER;2021
330;32;JAWA BARAT;3202;KABUPATEN SUKABUMI;UPTD PENGELOLAAN JALAN DAN JEMBATAN WILAYAH PELAYANAN II;MANTAP;SEDANG;31.0;KILOMETER;2021
331;32;JAWA BARAT;3202;KABUPATEN SUKABUMI;UPTD PENGELOLAAN JALAN DAN JEMBATAN WILAYAH PELAYANAN II;TIDAK MANTAP;RUSAK RINGAN;50.51;KILOMETER;2021
332;32;JAWA BARAT;3202;KABUPATEN SUKABUMI;UPTD PENGELOLAAN JALAN DAN JEMBATAN WILAYAH PELAYANAN II;TIDAK MANTAP;RUSAK BERAT;25.58;KILOMETER;2021
333;32;JAWA BARAT;3203;KABUPATEN CIANJUR;UPTD PENGELOLAAN JALAN DAN JEMBATAN WILAYAH PELAYANAN I;MANTAP;BAIK;54.55;KILOMETER;2021
334;32;JAWA BARAT;3203;KABUPATEN CIANJUR;UPTD PENGELOLAAN JALAN DAN JEMBATAN WILAYAH PELAYANAN I;MANTAP;SEDANG;73.58;KILOMETER;2021
335;32;JAWA BARAT;3203;KABUPATEN CIANJUR;UPTD PENGELOLAAN JALAN DAN JEMBATAN WILAYAH PELAYANAN I;TIDAK MANTAP;RUSAK RINGAN;46.39;KILOMETER;2021
336;32;JAWA BARAT;3203;KABUPATEN CIANJUR;UPTD PENGELOLAAN JALAN DAN JEMBATAN WILAYAH PELAYANAN I;TIDAK MANTAP;RUSAK BERAT;11.88;KILOMETER;2021
337;32;JAWA BARAT;3204;KABUPATEN BANDUNG;UPTD PENGELOLAAN JALAN DAN JEMBATAN WILAYAH PELAYANAN III;MANTAP;BAIK;31.08;KILOMETER;2021
338;32;JAWA BARAT;3204;KABUPATEN BANDUNG;UPTD PENGELOLAAN JALAN DAN JEMBATAN WILAYAH PELAYANAN III;MANTAP;SEDANG;77.76;KILOMETER;2021
339;32;JAWA BARAT;3204;KABUPATEN BANDUNG;UPTD PENGELOLAAN JALAN DAN JEMBATAN WILAYAH PELAYANAN III;TIDAK MANTAP;RUSAK RINGAN;16.06;KILOMETER;2021
340;32;JAWA BARAT;3204;KABUPATEN BANDUNG;UPTD PENGELOLAAN JALAN DAN JEMBATAN WILAYAH PELAYANAN III;TIDAK MANTAP;RUSAK BERAT;2.66;KILOMETER;2021
341;32;JAWA BARAT;3205;KABUPATEN GARUT;UPTD PENGELOLAAN JALAN DAN JEMBATAN WILAYAH PELAYANAN IV;MANTAP;BAIK;165.88;KILOMETER;2021
342;32;JAWA BARAT;3205;KABUPATEN GARUT;UPTD PENGELOLAAN JALAN DAN JEMBATAN WILAYAH PELAYANAN IV;MANTAP;SEDANG;82.88;KILOMETER;2021
343;32;JAWA BARAT;3205;KABUPATEN GARUT;UPTD PENGELOLAAN JALAN DAN JEMBATAN WILAYAH PELAYANAN IV;TIDAK MANTAP;RUSAK RINGAN;37.28;KILOMETER;2021
344;32;JAWA BARAT;3205;KABUPATEN GARUT;UPTD PENGELOLAAN JALAN DAN JEMBATAN WILAYAH PELAYANAN IV;TIDAK MANTAP;RUSAK BERAT;0.0;KILOMETER;2021
345;32;JAWA BARAT;3206;KABUPATEN TASIKMALAYA;UPTD PENGELOLAAN JALAN DAN JEMBATAN WILAYAH PELAYANAN V;MANTAP;BAIK;82.09;KILOMETER;2021
346;32;JAWA BARAT;3206;KABUPATEN TASIKMALAYA;UPTD PENGELOLAAN JALAN DAN JEMBATAN WILAYAH PELAYANAN V;MANTAP;SEDANG;16.33;KILOMETER;2021
347;32;JAWA BARAT;3206;KABUPATEN TASIKMALAYA;UPTD PENGELOLAAN JALAN DAN JEMBATAN WILAYAH PELAYANAN V;TIDAK MANTAP;RUSAK RINGAN;16.05;KILOMETER;2021
348;32;JAWA BARAT;3206;KABUPATEN TASIKMALAYA;UPTD PENGELOLAAN JALAN DAN JEMBATAN WILAYAH PELAYANAN V;TIDAK MANTAP;RUSAK BERAT;0.9;KILOMETER;2021
349;32;JAWA BARAT;3207;KABUPATEN CIAMIS;UPTD PENGELOLAAN JALAN DAN JEMBATAN WILAYAH PELAYANAN V;MANTAP;BAIK;22.23;KILOMETER;2021
350;32;JAWA BARAT;3207;KABUPATEN CIAMIS;UPTD PENGELOLAAN JALAN DAN JEMBATAN WILAYAH PELAYANAN V;MANTAP;SEDANG;2.4;KILOMETER;2021
351;32;JAWA BARAT;3207;KABUPATEN CIAMIS;UPTD PENGELOLAAN JALAN DAN JEMBATAN WILAYAH PELAYANAN V;TIDAK MANTAP;RUSAK RINGAN;3.6;KILOMETER;2021
352;32;JAWA BARAT;3207;KABUPATEN CIAMIS;UPTD PENGELOLAAN JALAN DAN JEMBATAN WILAYAH PELAYANAN V;TIDAK MANTAP;RUSAK BERAT;0.41;KILOMETER;2021
353;32;JAWA BARAT;3208;KABUPATEN KUNINGAN;UPTD PENGELOLAAN JALAN DAN JEMBATAN WILAYAH PELAYANAN V;MANTAP;BAIK;64.41;KILOMETER;2021
354;32;JAWA BARAT;3208;KABUPATEN KUNINGAN;UPTD PENGELOLAAN JALAN DAN JEMBATAN WILAYAH PELAYANAN V;MANTAP;SEDANG;13.87;KILOMETER;2021
355;32;JAWA BARAT;3208;KABUPATEN KUNINGAN;UPTD PENGELOLAAN JALAN DAN JEMBATAN WILAYAH PELAYANAN V;TIDAK MANTAP;RUSAK RINGAN;4.8;KILOMETER;2021
356;32;JAWA BARAT;3208;KABUPATEN KUNINGAN;UPTD PENGELOLAAN JALAN DAN JEMBATAN WILAYAH PELAYANAN V;TIDAK MANTAP;RUSAK BERAT;7.75;KILOMETER;2021
357;32;JAWA BARAT;3209;KABUPATEN CIREBON;UPTD PENGELOLAAN JALAN DAN JEMBATAN WILAYAH PELAYANAN VI;MANTAP;BAIK;61.51;KILOMETER;2021
358;32;JAWA BARAT;3209;KABUPATEN CIREBON;UPTD PENGELOLAAN JALAN DAN JEMBATAN WILAYAH PELAYANAN VI;MANTAP;SEDANG;7.42;KILOMETER;2021
359;32;JAWA BARAT;3209;KABUPATEN CIREBON;UPTD PENGELOLAAN JALAN DAN JEMBATAN WILAYAH PELAYANAN VI;TIDAK MANTAP;RUSAK RINGAN;0.0;KILOMETER;2021
360;32;JAWA BARAT;3209;KABUPATEN CIREBON;UPTD PENGELOLAAN JALAN DAN JEMBATAN WILAYAH PELAYANAN VI;TIDAK MANTAP;RUSAK BERAT;3.44;KILOMETER;2021
361;32;JAWA BARAT;3210;KABUPATEN MAJALENGKA;UPTD PENGELOLAAN JALAN DAN JEMBATAN WILAYAH PELAYANAN VI;MANTAP;BAIK;73.49;KILOMETER;2021
362;32;JAWA BARAT;3210;KABUPATEN MAJALENGKA;UPTD PENGELOLAAN JALAN DAN JEMBATAN WILAYAH PELAYANAN VI;MANTAP;SEDANG;39.31;KILOMETER;2021
363;32;JAWA BARAT;3210;KABUPATEN MAJALENGKA;UPTD PENGELOLAAN JALAN DAN JEMBATAN WILAYAH PELAYANAN VI;TIDAK MANTAP;RUSAK RINGAN;13.03;KILOMETER;2021
364;32;JAWA BARAT;3210;KABUPATEN MAJALENGKA;UPTD PENGELOLAAN JALAN DAN JEMBATAN WILAYAH PELAYANAN VI;TIDAK MANTAP;RUSAK BERAT;0.0;KILOMETER;2021
365;32;JAWA BARAT;3211;KABUPATEN SUMEDANG;UPTD PENGELOLAAN JALAN DAN JEMBATAN WILAYAH PELAYANAN IV;MANTAP;BAIK;61.32;KILOMETER;2021
366;32;JAWA BARAT;3211;KABUPATEN SUMEDANG;UPTD PENGELOLAAN JALAN DAN JEMBATAN WILAYAH PELAYANAN IV;MANTAP;SEDANG;26.67;KILOMETER;2021
367;32;JAWA BARAT;3211;KABUPATEN SUMEDANG;UPTD PENGELOLAAN JALAN DAN JEMBATAN WILAYAH PELAYANAN IV;TIDAK MANTAP;RUSAK RINGAN;23.89;KILOMETER;2021
368;32;JAWA BARAT;3211;KABUPATEN SUMEDANG;UPTD PENGELOLAAN JALAN DAN JEMBATAN WILAYAH PELAYANAN IV;TIDAK MANTAP;RUSAK BERAT;3.93;KILOMETER;2021
369;32;JAWA BARAT;3212;KABUPATEN INDRAMAYU;UPTD PENGELOLAAN JALAN DAN JEMBATAN WILAYAH PELAYANAN VI;MANTAP;BAIK;106.0;KILOMETER;2021
370;32;JAWA BARAT;3212;KABUPATEN INDRAMAYU;UPTD PENGELOLAAN JALAN DAN JEMBATAN WILAYAH PELAYANAN VI;MANTAP;SEDANG;29.51;KILOMETER;2021
371;32;JAWA BARAT;3212;KABUPATEN INDRAMAYU;UPTD PENGELOLAAN JALAN DAN JEMBATAN WILAYAH PELAYANAN VI;TIDAK MANTAP;RUSAK RINGAN;21.98;KILOMETER;2021
372;32;JAWA BARAT;3212;KABUPATEN INDRAMAYU;UPTD PENGELOLAAN JALAN DAN JEMBATAN WILAYAH PELAYANAN VI;TIDAK MANTAP;RUSAK BERAT;0.0;KILOMETER;2021
373;32;JAWA BARAT;3213;KABUPATEN SUBANG;UPTD PENGELOLAAN JALAN DAN JEMBATAN WILAYAH PELAYANAN III;MANTAP;BAIK;60.9;KILOMETER;2021
374;32;JAWA BARAT;3213;KABUPATEN SUBANG;UPTD PENGELOLAAN JALAN DAN JEMBATAN WILAYAH PELAYANAN III;MANTAP;SEDANG;76.04;KILOMETER;2021
375;32;JAWA BARAT;3213;KABUPATEN SUBANG;UPTD PENGELOLAAN JALAN DAN JEMBATAN WILAYAH PELAYANAN III;TIDAK MANTAP;RUSAK RINGAN;29.04;KILOMETER;2021
376;32;JAWA BARAT;3213;KABUPATEN SUBANG;UPTD PENGELOLAAN JALAN DAN JEMBATAN WILAYAH PELAYANAN III;TIDAK MANTAP;RUSAK BERAT;2.2;KILOMETER;2021
377;32;JAWA BARAT;3214;KABUPATEN PURWAKARTA;UPTD PENGELOLAAN JALAN DAN JEMBATAN WILAYAH PELAYANAN III;MANTAP;BAIK;15.04;KILOMETER;2021
378;32;JAWA BARAT;3214;KABUPATEN PURWAKARTA;UPTD PENGELOLAAN JALAN DAN JEMBATAN WILAYAH PELAYANAN III;MANTAP;SEDANG;41.92;KILOMETER;2021
379;32;JAWA BARAT;3214;KABUPATEN PURWAKARTA;UPTD PENGELOLAAN JALAN DAN JEMBATAN WILAYAH PELAYANAN III;TIDAK MANTAP;RUSAK RINGAN;13.56;KILOMETER;2021
380;32;JAWA BARAT;3214;KABUPATEN PURWAKARTA;UPTD PENGELOLAAN JALAN DAN JEMBATAN WILAYAH PELAYANAN III;TIDAK MANTAP;RUSAK BERAT;0.0;KILOMETER;2021
381;32;JAWA BARAT;3215;KABUPATEN KARAWANG;UPTD PENGELOLAAN JALAN DAN JEMBATAN WILAYAH PELAYANAN III;MANTAP;BAIK;13.24;KILOMETER;2021
382;32;JAWA BARAT;3215;KABUPATEN KARAWANG;UPTD PENGELOLAAN JALAN DAN JEMBATAN WILAYAH PELAYANAN III;MANTAP;SEDANG;47.79;KILOMETER;2021
383;32;JAWA BARAT;3215;KABUPATEN KARAWANG;UPTD PENGELOLAAN JALAN DAN JEMBATAN WILAYAH PELAYANAN III;TIDAK MANTAP;RUSAK RINGAN;18.81;KILOMETER;2021
384;32;JAWA BARAT;3215;KABUPATEN KARAWANG;UPTD PENGELOLAAN JALAN DAN JEMBATAN WILAYAH PELAYANAN III;TIDAK MANTAP;RUSAK BERAT;0.0;KILOMETER;2021
385;32;JAWA BARAT;3216;KABUPATEN BEKASI;UPTD PENGELOLAAN JALAN DAN JEMBATAN WILAYAH PELAYANAN I;MANTAP;BAIK;16.93;KILOMETER;2021
386;32;JAWA BARAT;3216;KABUPATEN BEKASI;UPTD PENGELOLAAN JALAN DAN JEMBATAN WILAYAH PELAYANAN I;MANTAP;SEDANG;8.05;KILOMETER;2021
387;32;JAWA BARAT;3216;KABUPATEN BEKASI;UPTD PENGELOLAAN JALAN DAN JEMBATAN WILAYAH PELAYANAN I;TIDAK MANTAP;RUSAK RINGAN;6.55;KILOMETER;2021
388;32;JAWA BARAT;3216;KABUPATEN BEKASI;UPTD PENGELOLAAN JALAN DAN JEMBATAN WILAYAH PELAYANAN I;TIDAK MANTAP;RUSAK BERAT;0.0;KILOMETER;2021
389;32;JAWA BARAT;3217;KABUPATEN BANDUNG BARAT;UPTD PENGELOLAAN JALAN DAN JEMBATAN WILAYAH PELAYANAN III;MANTAP;BAIK;9.25;KILOMETER;2021
390;32;JAWA BARAT;3217;KABUPATEN BANDUNG BARAT;UPTD PENGELOLAAN JALAN DAN JEMBATAN WILAYAH PELAYANAN III;MANTAP;SEDANG;53.66;KILOMETER;2021
391;32;JAWA BARAT;3217;KABUPATEN BANDUNG BARAT;UPTD PENGELOLAAN JALAN DAN JEMBATAN WILAYAH PELAYANAN III;TIDAK MANTAP;RUSAK RINGAN;10.27;KILOMETER;2021
392;32;JAWA BARAT;3217;KABUPATEN BANDUNG BARAT;UPTD PENGELOLAAN JALAN DAN JEMBATAN WILAYAH PELAYANAN III;TIDAK MANTAP;RUSAK BERAT;0.0;KILOMETER;2021
393;32;JAWA BARAT;3218;KABUPATEN PANGANDARAN;UPTD PENGELOLAAN JALAN DAN JEMBATAN WILAYAH PELAYANAN V;MANTAP;BAIK;7.54;KILOMETER;2021
394;32;JAWA BARAT;3218;KABUPATEN PANGANDARAN;UPTD PENGELOLAAN JALAN DAN JEMBATAN WILAYAH PELAYANAN V;MANTAP;SEDANG;1.35;KILOMETER;2021
395;32;JAWA BARAT;3218;KABUPATEN PANGANDARAN;UPTD PENGELOLAAN JALAN DAN JEMBATAN WILAYAH PELAYANAN V;TIDAK MANTAP;RUSAK RINGAN;0.0;KILOMETER;2021
396;32;JAWA BARAT;3218;KABUPATEN PANGANDARAN;UPTD PENGELOLAAN JALAN DAN JEMBATAN WILAYAH PELAYANAN V;TIDAK MANTAP;RUSAK BERAT;0.0;KILOMETER;2021
397;32;JAWA BARAT;3271;KOTA BOGOR;UPTD PENGELOLAAN JALAN DAN JEMBATAN WILAYAH PELAYANAN I;MANTAP;BAIK;8.82;KILOMETER;2021
398;32;JAWA BARAT;3271;KOTA BOGOR;UPTD PENGELOLAAN JALAN DAN JEMBATAN WILAYAH PELAYANAN I;MANTAP;SEDANG;2.34;KILOMETER;2021
399;32;JAWA BARAT;3271;KOTA BOGOR;UPTD PENGELOLAAN JALAN DAN JEMBATAN WILAYAH PELAYANAN I;TIDAK MANTAP;RUSAK RINGAN;0.0;KILOMETER;2021
400;32;JAWA BARAT;3271;KOTA BOGOR;UPTD PENGELOLAAN JALAN DAN JEMBATAN WILAYAH PELAYANAN I;TIDAK MANTAP;RUSAK BERAT;0.0;KILOMETER;2021
401;32;JAWA BARAT;3272;KOTA SUKABUMI;UPTD PENGELOLAAN JALAN DAN JEMBATAN WILAYAH PELAYANAN II;MANTAP;BAIK;24.53;KILOMETER;2021
402;32;JAWA BARAT;3272;KOTA SUKABUMI;UPTD PENGELOLAAN JALAN DAN JEMBATAN WILAYAH PELAYANAN II;MANTAP;SEDANG;2.4;KILOMETER;2021
403;32;JAWA BARAT;3272;KOTA SUKABUMI;UPTD PENGELOLAAN JALAN DAN JEMBATAN WILAYAH PELAYANAN II;TIDAK MANTAP;RUSAK RINGAN;3.83;KILOMETER;2021
404;32;JAWA BARAT;3272;KOTA SUKABUMI;UPTD PENGELOLAAN JALAN DAN JEMBATAN WILAYAH PELAYANAN II;TIDAK MANTAP;RUSAK BERAT;2.59;KILOMETER;2021
405;32;JAWA BARAT;3273;KOTA BANDUNG;UPTD PENGELOLAAN JALAN DAN JEMBATAN WILAYAH PELAYANAN III;MANTAP;BAIK;22.01;KILOMETER;2021
406;32;JAWA BARAT;3273;KOTA BANDUNG;UPTD PENGELOLAAN JALAN DAN JEMBATAN WILAYAH PELAYANAN III;MANTAP;SEDANG;10.17;KILOMETER;2021
407;32;JAWA BARAT;3273;KOTA BANDUNG;UPTD PENGELOLAAN JALAN DAN JEMBATAN WILAYAH PELAYANAN III;TIDAK MANTAP;RUSAK RINGAN;6.26;KILOMETER;2021
408;32;JAWA BARAT;3273;KOTA BANDUNG;UPTD PENGELOLAAN JALAN DAN JEMBATAN WILAYAH PELAYANAN III;TIDAK MANTAP;RUSAK BERAT;0.0;KILOMETER;2021
409;32;JAWA BARAT;3274;KOTA CIREBON;UPTD PENGELOLAAN JALAN DAN JEMBATAN WILAYAH PELAYANAN VI;MANTAP;BAIK;5.65;KILOMETER;2021
410;32;JAWA BARAT;3274;KOTA CIREBON;UPTD PENGELOLAAN JALAN DAN JEMBATAN WILAYAH PELAYANAN VI;MANTAP;SEDANG;0.3;KILOMETER;2021
411;32;JAWA BARAT;3274;KOTA CIREBON;UPTD PENGELOLAAN JALAN DAN JEMBATAN WILAYAH PELAYANAN VI;TIDAK MANTAP;RUSAK RINGAN;0.0;KILOMETER;2021
412;32;JAWA BARAT;3274;KOTA CIREBON;UPTD PENGELOLAAN JALAN DAN JEMBATAN WILAYAH PELAYANAN VI;TIDAK MANTAP;RUSAK BERAT;0.6;KILOMETER;2021
413;32;JAWA BARAT;3275;KOTA BEKASI;UPTD PENGELOLAAN JALAN DAN JEMBATAN WILAYAH PELAYANAN I;MANTAP;BAIK;12.29;KILOMETER;2021
414;32;JAWA BARAT;3275;KOTA BEKASI;UPTD PENGELOLAAN JALAN DAN JEMBATAN WILAYAH PELAYANAN I;MANTAP;SEDANG;5.87;KILOMETER;2021
415;32;JAWA BARAT;3275;KOTA BEKASI;UPTD PENGELOLAAN JALAN DAN JEMBATAN WILAYAH PELAYANAN I;TIDAK MANTAP;RUSAK RINGAN;3.8;KILOMETER;2021
416;32;JAWA BARAT;3275;KOTA BEKASI;UPTD PENGELOLAAN JALAN DAN JEMBATAN WILAYAH PELAYANAN I;TIDAK MANTAP;RUSAK BERAT;0.0;KILOMETER;2021
417;32;JAWA BARAT;3276;KOTA DEPOK;UPTD PENGELOLAAN JALAN DAN JEMBATAN WILAYAH PELAYANAN I;MANTAP;BAIK;9.6;KILOMETER;2021
418;32;JAWA BARAT;3276;KOTA DEPOK;UPTD PENGELOLAAN JALAN DAN JEMBATAN WILAYAH PELAYANAN I;MANTAP;SEDANG;2.13;KILOMETER;2021
419;32;JAWA BARAT;3276;KOTA DEPOK;UPTD PENGELOLAAN JALAN DAN JEMBATAN WILAYAH PELAYANAN I;TIDAK MANTAP;RUSAK RINGAN;0.0;KILOMETER;2021
420;32;JAWA BARAT;3276;KOTA DEPOK;UPTD PENGELOLAAN JALAN DAN JEMBATAN WILAYAH PELAYANAN I;TIDAK MANTAP;RUSAK BERAT;0.0;KILOMETER;2021
421;32;JAWA BARAT;3277;KOTA CIMAHI;UPTD PENGELOLAAN JALAN DAN JEMBATAN WILAYAH PELAYANAN III;MANTAP;BAIK;2.18;KILOMETER;2021
422;32;JAWA BARAT;3277;KOTA CIMAHI;UPTD PENGELOLAAN JALAN DAN JEMBATAN WILAYAH PELAYANAN III;MANTAP;SEDANG;5.93;KILOMETER;2021
423;32;JAWA BARAT;3277;KOTA CIMAHI;UPTD PENGELOLAAN JALAN DAN JEMBATAN WILAYAH PELAYANAN III;TIDAK MANTAP;RUSAK RINGAN;1.25;KILOMETER;2021
424;32;JAWA BARAT;3277;KOTA CIMAHI;UPTD PENGELOLAAN JALAN DAN JEMBATAN WILAYAH PELAYANAN III;TIDAK MANTAP;RUSAK BERAT;0.0;KILOMETER;2021
425;32;JAWA BARAT;3278;KOTA TASIKMALAYA;UPTD PENGELOLAAN JALAN DAN JEMBATAN WILAYAH PELAYANAN V;MANTAP;BAIK;26.66;KILOMETER;2021
426;32;JAWA BARAT;3278;KOTA TASIKMALAYA;UPTD PENGELOLAAN JALAN DAN JEMBATAN WILAYAH PELAYANAN V;MANTAP;SEDANG;6.77;KILOMETER;2021
427;32;JAWA BARAT;3278;KOTA TASIKMALAYA;UPTD PENGELOLAAN JALAN DAN JEMBATAN WILAYAH PELAYANAN V;TIDAK MANTAP;RUSAK RINGAN;4.26;KILOMETER;2021
428;32;JAWA BARAT;3278;KOTA TASIKMALAYA;UPTD PENGELOLAAN JALAN DAN JEMBATAN WILAYAH PELAYANAN V;TIDAK MANTAP;RUSAK BERAT;0.56;KILOMETER;2021
429;32;JAWA BARAT;3279;KOTA BANJAR;UPTD PENGELOLAAN JALAN DAN JEMBATAN WILAYAH PELAYANAN V;MANTAP;BAIK;6.28;KILOMETER;2021
430;32;JAWA BARAT;3279;KOTA BANJAR;UPTD PENGELOLAAN JALAN DAN JEMBATAN WILAYAH PELAYANAN V;MANTAP;SEDANG;0.98;KILOMETER;2021
431;32;JAWA BARAT;3279;KOTA BANJAR;UPTD PENGELOLAAN JALAN DAN JEMBATAN WILAYAH PELAYANAN V;TIDAK MANTAP;RUSAK RINGAN;1.58;KILOMETER;2021
432;32;JAWA BARAT;3279;KOTA BANJAR;UPTD PENGELOLAAN JALAN DAN JEMBATAN WILAYAH PELAYANAN V;TIDAK MANTAP;RUSAK BERAT;0.14;KILOMETER;2021
433;32;JAWA BARAT;3201;KABUPATEN BOGOR;UPTD PENGELOLAAN JALAN DAN JEMBATAN WILAYAH PELAYANAN I;MANTAP;BAIK;107.04;KILOMETER;2022
434;32;JAWA BARAT;3201;KABUPATEN BOGOR;UPTD PENGELOLAAN JALAN DAN JEMBATAN WILAYAH PELAYANAN I;MANTAP;SEDANG;17.97;KILOMETER;2022
435;32;JAWA BARAT;3201;KABUPATEN BOGOR;UPTD PENGELOLAAN JALAN DAN JEMBATAN WILAYAH PELAYANAN I;TIDAK MANTAP;RUSAK RINGAN;3.16;KILOMETER;2022
436;32;JAWA BARAT;3201;KABUPATEN BOGOR;UPTD PENGELOLAAN JALAN DAN JEMBATAN WILAYAH PELAYANAN I;TIDAK MANTAP;RUSAK BERAT;4.65;KILOMETER;2022
437;32;JAWA BARAT;3202;KABUPATEN SUKABUMI;UPTD PENGELOLAAN JALAN DAN JEMBATAN WILAYAH PELAYANAN II;MANTAP;BAIK;201.14;KILOMETER;2022
438;32;JAWA BARAT;3202;KABUPATEN SUKABUMI;UPTD PENGELOLAAN JALAN DAN JEMBATAN WILAYAH PELAYANAN II;MANTAP;SEDANG;59.53;KILOMETER;2022
439;32;JAWA BARAT;3202;KABUPATEN SUKABUMI;UPTD PENGELOLAAN JALAN DAN JEMBATAN WILAYAH PELAYANAN II;TIDAK MANTAP;RUSAK RINGAN;36.35;KILOMETER;2022
440;32;JAWA BARAT;3202;KABUPATEN SUKABUMI;UPTD PENGELOLAAN JALAN DAN JEMBATAN WILAYAH PELAYANAN II;TIDAK MANTAP;RUSAK BERAT;16.91;KILOMETER;2022
441;32;JAWA BARAT;3203;KABUPATEN CIANJUR;UPTD PENGELOLAAN JALAN DAN JEMBATAN WILAYAH PELAYANAN I;MANTAP;BAIK;93.77;KILOMETER;2022
442;32;JAWA BARAT;3203;KABUPATEN CIANJUR;UPTD PENGELOLAAN JALAN DAN JEMBATAN WILAYAH PELAYANAN I;MANTAP;SEDANG;44.44;KILOMETER;2022
443;32;JAWA BARAT;3203;KABUPATEN CIANJUR;UPTD PENGELOLAAN JALAN DAN JEMBATAN WILAYAH PELAYANAN I;TIDAK MANTAP;RUSAK RINGAN;14.29;KILOMETER;2022
444;32;JAWA BARAT;3203;KABUPATEN CIANJUR;UPTD PENGELOLAAN JALAN DAN JEMBATAN WILAYAH PELAYANAN I;TIDAK MANTAP;RUSAK BERAT;33.9;KILOMETER;2022
445;32;JAWA BARAT;3204;KABUPATEN BANDUNG;UPTD PENGELOLAAN JALAN DAN JEMBATAN WILAYAH PELAYANAN III;MANTAP;BAIK;85.8;KILOMETER;2022
446;32;JAWA BARAT;3204;KABUPATEN BANDUNG;UPTD PENGELOLAAN JALAN DAN JEMBATAN WILAYAH PELAYANAN III;MANTAP;SEDANG;27.8;KILOMETER;2022
447;32;JAWA BARAT;3204;KABUPATEN BANDUNG;UPTD PENGELOLAAN JALAN DAN JEMBATAN WILAYAH PELAYANAN III;TIDAK MANTAP;RUSAK RINGAN;11.53;KILOMETER;2022
448;32;JAWA BARAT;3204;KABUPATEN BANDUNG;UPTD PENGELOLAAN JALAN DAN JEMBATAN WILAYAH PELAYANAN III;TIDAK MANTAP;RUSAK BERAT;2.4;KILOMETER;2022
449;32;JAWA BARAT;3205;KABUPATEN GARUT;UPTD PENGELOLAAN JALAN DAN JEMBATAN WILAYAH PELAYANAN IV;MANTAP;BAIK;194.5;KILOMETER;2022
450;32;JAWA BARAT;3205;KABUPATEN GARUT;UPTD PENGELOLAAN JALAN DAN JEMBATAN WILAYAH PELAYANAN IV;MANTAP;SEDANG;76.9;KILOMETER;2022
451;32;JAWA BARAT;3205;KABUPATEN GARUT;UPTD PENGELOLAAN JALAN DAN JEMBATAN WILAYAH PELAYANAN IV;TIDAK MANTAP;RUSAK RINGAN;11.83;KILOMETER;2022
452;32;JAWA BARAT;3205;KABUPATEN GARUT;UPTD PENGELOLAAN JALAN DAN JEMBATAN WILAYAH PELAYANAN IV;TIDAK MANTAP;RUSAK BERAT;2.8;KILOMETER;2022
453;32;JAWA BARAT;3206;KABUPATEN TASIKMALAYA;UPTD PENGELOLAAN JALAN DAN JEMBATAN WILAYAH PELAYANAN V;MANTAP;BAIK;93.89;KILOMETER;2022
454;32;JAWA BARAT;3206;KABUPATEN TASIKMALAYA;UPTD PENGELOLAAN JALAN DAN JEMBATAN WILAYAH PELAYANAN V;MANTAP;SEDANG;15.88;KILOMETER;2022
455;32;JAWA BARAT;3206;KABUPATEN TASIKMALAYA;UPTD PENGELOLAAN JALAN DAN JEMBATAN WILAYAH PELAYANAN V;TIDAK MANTAP;RUSAK RINGAN;10.45;KILOMETER;2022
456;32;JAWA BARAT;3206;KABUPATEN TASIKMALAYA;UPTD PENGELOLAAN JALAN DAN JEMBATAN WILAYAH PELAYANAN V;TIDAK MANTAP;RUSAK BERAT;0.15;KILOMETER;2022
457;32;JAWA BARAT;3207;KABUPATEN CIAMIS;UPTD PENGELOLAAN JALAN DAN JEMBATAN WILAYAH PELAYANAN V;MANTAP;BAIK;14.67;KILOMETER;2022
458;32;JAWA BARAT;3207;KABUPATEN CIAMIS;UPTD PENGELOLAAN JALAN DAN JEMBATAN WILAYAH PELAYANAN V;MANTAP;SEDANG;10.59;KILOMETER;2022
459;32;JAWA BARAT;3207;KABUPATEN CIAMIS;UPTD PENGELOLAAN JALAN DAN JEMBATAN WILAYAH PELAYANAN V;TIDAK MANTAP;RUSAK RINGAN;3.37;KILOMETER;2022
460;32;JAWA BARAT;3207;KABUPATEN CIAMIS;UPTD PENGELOLAAN JALAN DAN JEMBATAN WILAYAH PELAYANAN V;TIDAK MANTAP;RUSAK BERAT;0.0;KILOMETER;2022
461;32;JAWA BARAT;3208;KABUPATEN KUNINGAN;UPTD PENGELOLAAN JALAN DAN JEMBATAN WILAYAH PELAYANAN V;MANTAP;BAIK;44.04;KILOMETER;2022
462;32;JAWA BARAT;3208;KABUPATEN KUNINGAN;UPTD PENGELOLAAN JALAN DAN JEMBATAN WILAYAH PELAYANAN V;MANTAP;SEDANG;27.57;KILOMETER;2022
463;32;JAWA BARAT;3208;KABUPATEN KUNINGAN;UPTD PENGELOLAAN JALAN DAN JEMBATAN WILAYAH PELAYANAN V;TIDAK MANTAP;RUSAK RINGAN;13.94;KILOMETER;2022
464;32;JAWA BARAT;3208;KABUPATEN KUNINGAN;UPTD PENGELOLAAN JALAN DAN JEMBATAN WILAYAH PELAYANAN V;TIDAK MANTAP;RUSAK BERAT;0.78;KILOMETER;2022
465;32;JAWA BARAT;3209;KABUPATEN CIREBON;UPTD PENGELOLAAN JALAN DAN JEMBATAN WILAYAH PELAYANAN VI;MANTAP;BAIK;13.78;KILOMETER;2022
466;32;JAWA BARAT;3209;KABUPATEN CIREBON;UPTD PENGELOLAAN JALAN DAN JEMBATAN WILAYAH PELAYANAN VI;MANTAP;SEDANG;49.26;KILOMETER;2022
467;32;JAWA BARAT;3209;KABUPATEN CIREBON;UPTD PENGELOLAAN JALAN DAN JEMBATAN WILAYAH PELAYANAN VI;TIDAK MANTAP;RUSAK RINGAN;7.28;KILOMETER;2022
468;32;JAWA BARAT;3209;KABUPATEN CIREBON;UPTD PENGELOLAAN JALAN DAN JEMBATAN WILAYAH PELAYANAN VI;TIDAK MANTAP;RUSAK BERAT;2.05;KILOMETER;2022
469;32;JAWA BARAT;3210;KABUPATEN MAJALENGKA;UPTD PENGELOLAAN JALAN DAN JEMBATAN WILAYAH PELAYANAN VI;MANTAP;BAIK;82.42;KILOMETER;2022
470;32;JAWA BARAT;3210;KABUPATEN MAJALENGKA;UPTD PENGELOLAAN JALAN DAN JEMBATAN WILAYAH PELAYANAN VI;MANTAP;SEDANG;35.96;KILOMETER;2022
471;32;JAWA BARAT;3210;KABUPATEN MAJALENGKA;UPTD PENGELOLAAN JALAN DAN JEMBATAN WILAYAH PELAYANAN VI;TIDAK MANTAP;RUSAK RINGAN;4.45;KILOMETER;2022
472;32;JAWA BARAT;3210;KABUPATEN MAJALENGKA;UPTD PENGELOLAAN JALAN DAN JEMBATAN WILAYAH PELAYANAN VI;TIDAK MANTAP;RUSAK BERAT;3.0;KILOMETER;2022
473;32;JAWA BARAT;3211;KABUPATEN SUMEDANG;UPTD PENGELOLAAN JALAN DAN JEMBATAN WILAYAH PELAYANAN IV;MANTAP;BAIK;82.15;KILOMETER;2022
474;32;JAWA BARAT;3211;KABUPATEN SUMEDANG;UPTD PENGELOLAAN JALAN DAN JEMBATAN WILAYAH PELAYANAN IV;MANTAP;SEDANG;16.65;KILOMETER;2022
475;32;JAWA BARAT;3211;KABUPATEN SUMEDANG;UPTD PENGELOLAAN JALAN DAN JEMBATAN WILAYAH PELAYANAN IV;TIDAK MANTAP;RUSAK RINGAN;8.1;KILOMETER;2022
476;32;JAWA BARAT;3211;KABUPATEN SUMEDANG;UPTD PENGELOLAAN JALAN DAN JEMBATAN WILAYAH PELAYANAN IV;TIDAK MANTAP;RUSAK BERAT;8.9;KILOMETER;2022
477;32;JAWA BARAT;3212;KABUPATEN INDRAMAYU;UPTD PENGELOLAAN JALAN DAN JEMBATAN WILAYAH PELAYANAN VI;MANTAP;BAIK;47.32;KILOMETER;2022
478;32;JAWA BARAT;3212;KABUPATEN INDRAMAYU;UPTD PENGELOLAAN JALAN DAN JEMBATAN WILAYAH PELAYANAN VI;MANTAP;SEDANG;92.53;KILOMETER;2022
479;32;JAWA BARAT;3212;KABUPATEN INDRAMAYU;UPTD PENGELOLAAN JALAN DAN JEMBATAN WILAYAH PELAYANAN VI;TIDAK MANTAP;RUSAK RINGAN;16.64;KILOMETER;2022
480;32;JAWA BARAT;3212;KABUPATEN INDRAMAYU;UPTD PENGELOLAAN JALAN DAN JEMBATAN WILAYAH PELAYANAN VI;TIDAK MANTAP;RUSAK BERAT;1.0;KILOMETER;2022
481;32;JAWA BARAT;3213;KABUPATEN SUBANG;UPTD PENGELOLAAN JALAN DAN JEMBATAN WILAYAH PELAYANAN III;MANTAP;BAIK;113.76;KILOMETER;2022
482;32;JAWA BARAT;3213;KABUPATEN SUBANG;UPTD PENGELOLAAN JALAN DAN JEMBATAN WILAYAH PELAYANAN III;MANTAP;SEDANG;46.11;KILOMETER;2022
483;32;JAWA BARAT;3213;KABUPATEN SUBANG;UPTD PENGELOLAAN JALAN DAN JEMBATAN WILAYAH PELAYANAN III;TIDAK MANTAP;RUSAK RINGAN;7.91;KILOMETER;2022
484;32;JAWA BARAT;3213;KABUPATEN SUBANG;UPTD PENGELOLAAN JALAN DAN JEMBATAN WILAYAH PELAYANAN III;TIDAK MANTAP;RUSAK BERAT;0.4;KILOMETER;2022
485;32;JAWA BARAT;3214;KABUPATEN PURWAKARTA;UPTD PENGELOLAAN JALAN DAN JEMBATAN WILAYAH PELAYANAN III;MANTAP;BAIK;41.78;KILOMETER;2022
486;32;JAWA BARAT;3214;KABUPATEN PURWAKARTA;UPTD PENGELOLAAN JALAN DAN JEMBATAN WILAYAH PELAYANAN III;MANTAP;SEDANG;11.83;KILOMETER;2022
487;32;JAWA BARAT;3214;KABUPATEN PURWAKARTA;UPTD PENGELOLAAN JALAN DAN JEMBATAN WILAYAH PELAYANAN III;TIDAK MANTAP;RUSAK RINGAN;4.5;KILOMETER;2022
488;32;JAWA BARAT;3214;KABUPATEN PURWAKARTA;UPTD PENGELOLAAN JALAN DAN JEMBATAN WILAYAH PELAYANAN III;TIDAK MANTAP;RUSAK BERAT;0.7;KILOMETER;2022
489;32;JAWA BARAT;3215;KABUPATEN KARAWANG;UPTD PENGELOLAAN JALAN DAN JEMBATAN WILAYAH PELAYANAN III;MANTAP;BAIK;61.6;KILOMETER;2022
490;32;JAWA BARAT;3215;KABUPATEN KARAWANG;UPTD PENGELOLAAN JALAN DAN JEMBATAN WILAYAH PELAYANAN III;MANTAP;SEDANG;18.6;KILOMETER;2022
491;32;JAWA BARAT;3215;KABUPATEN KARAWANG;UPTD PENGELOLAAN JALAN DAN JEMBATAN WILAYAH PELAYANAN III;TIDAK MANTAP;RUSAK RINGAN;9.93;KILOMETER;2022
492;32;JAWA BARAT;3215;KABUPATEN KARAWANG;UPTD PENGELOLAAN JALAN DAN JEMBATAN WILAYAH PELAYANAN III;TIDAK MANTAP;RUSAK BERAT;1.4;KILOMETER;2022
493;32;JAWA BARAT;3216;KABUPATEN BEKASI;UPTD PENGELOLAAN JALAN DAN JEMBATAN WILAYAH PELAYANAN I;MANTAP;BAIK;25.78;KILOMETER;2022
494;32;JAWA BARAT;3216;KABUPATEN BEKASI;UPTD PENGELOLAAN JALAN DAN JEMBATAN WILAYAH PELAYANAN I;MANTAP;SEDANG;5.5;KILOMETER;2022
495;32;JAWA BARAT;3216;KABUPATEN BEKASI;UPTD PENGELOLAAN JALAN DAN JEMBATAN WILAYAH PELAYANAN I;TIDAK MANTAP;RUSAK RINGAN;0.25;KILOMETER;2022
496;32;JAWA BARAT;3216;KABUPATEN BEKASI;UPTD PENGELOLAAN JALAN DAN JEMBATAN WILAYAH PELAYANAN I;TIDAK MANTAP;RUSAK BERAT;0.0;KILOMETER;2022
497;32;JAWA BARAT;3217;KABUPATEN BANDUNG BARAT;UPTD PENGELOLAAN JALAN DAN JEMBATAN WILAYAH PELAYANAN III;MANTAP;BAIK;43.1;KILOMETER;2022
498;32;JAWA BARAT;3217;KABUPATEN BANDUNG BARAT;UPTD PENGELOLAAN JALAN DAN JEMBATAN WILAYAH PELAYANAN III;MANTAP;SEDANG;20.95;KILOMETER;2022
499;32;JAWA BARAT;3217;KABUPATEN BANDUNG BARAT;UPTD PENGELOLAAN JALAN DAN JEMBATAN WILAYAH PELAYANAN III;TIDAK MANTAP;RUSAK RINGAN;7.72;KILOMETER;2022
500;32;JAWA BARAT;3217;KABUPATEN BANDUNG BARAT;UPTD PENGELOLAAN JALAN DAN JEMBATAN WILAYAH PELAYANAN III;TIDAK MANTAP;RUSAK BERAT;1.4;KILOMETER;2022
501;32;JAWA BARAT;3218;KABUPATEN PANGANDARAN;UPTD PENGELOLAAN JALAN DAN JEMBATAN WILAYAH PELAYANAN V;MANTAP;BAIK;6.67;KILOMETER;2022
502;32;JAWA BARAT;3218;KABUPATEN PANGANDARAN;UPTD PENGELOLAAN JALAN DAN JEMBATAN WILAYAH PELAYANAN V;MANTAP;SEDANG;1.2;KILOMETER;2022
503;32;JAWA BARAT;3218;KABUPATEN PANGANDARAN;UPTD PENGELOLAAN JALAN DAN JEMBATAN WILAYAH PELAYANAN V;TIDAK MANTAP;RUSAK RINGAN;1.02;KILOMETER;2022
504;32;JAWA BARAT;3218;KABUPATEN PANGANDARAN;UPTD PENGELOLAAN JALAN DAN JEMBATAN WILAYAH PELAYANAN V;TIDAK MANTAP;RUSAK BERAT;0.0;KILOMETER;2022
505;32;JAWA BARAT;3271;KOTA BOGOR;UPTD PENGELOLAAN JALAN DAN JEMBATAN WILAYAH PELAYANAN I;MANTAP;BAIK;10.42;KILOMETER;2022
506;32;JAWA BARAT;3271;KOTA BOGOR;UPTD PENGELOLAAN JALAN DAN JEMBATAN WILAYAH PELAYANAN I;MANTAP;SEDANG;0.74;KILOMETER;2022
507;32;JAWA BARAT;3271;KOTA BOGOR;UPTD PENGELOLAAN JALAN DAN JEMBATAN WILAYAH PELAYANAN I;TIDAK MANTAP;RUSAK RINGAN;0.0;KILOMETER;2022
508;32;JAWA BARAT;3271;KOTA BOGOR;UPTD PENGELOLAAN JALAN DAN JEMBATAN WILAYAH PELAYANAN I;TIDAK MANTAP;RUSAK BERAT;0.0;KILOMETER;2022
509;32;JAWA BARAT;3272;KOTA SUKABUMI;UPTD PENGELOLAAN JALAN DAN JEMBATAN WILAYAH PELAYANAN II;MANTAP;BAIK;21.5;KILOMETER;2022
510;32;JAWA BARAT;3272;KOTA SUKABUMI;UPTD PENGELOLAAN JALAN DAN JEMBATAN WILAYAH PELAYANAN II;MANTAP;SEDANG;9.85;KILOMETER;2022
511;32;JAWA BARAT;3272;KOTA SUKABUMI;UPTD PENGELOLAAN JALAN DAN JEMBATAN WILAYAH PELAYANAN II;TIDAK MANTAP;RUSAK RINGAN;2.1;KILOMETER;2022
512;32;JAWA BARAT;3272;KOTA SUKABUMI;UPTD PENGELOLAAN JALAN DAN JEMBATAN WILAYAH PELAYANAN II;TIDAK MANTAP;RUSAK BERAT;0.1;KILOMETER;2022
513;32;JAWA BARAT;3273;KOTA BANDUNG;UPTD PENGELOLAAN JALAN DAN JEMBATAN WILAYAH PELAYANAN III;MANTAP;BAIK;30.56;KILOMETER;2022
514;32;JAWA BARAT;3273;KOTA BANDUNG;UPTD PENGELOLAAN JALAN DAN JEMBATAN WILAYAH PELAYANAN III;MANTAP;SEDANG;4.17;KILOMETER;2022
515;32;JAWA BARAT;3273;KOTA BANDUNG;UPTD PENGELOLAAN JALAN DAN JEMBATAN WILAYAH PELAYANAN III;TIDAK MANTAP;RUSAK RINGAN;3.72;KILOMETER;2022
516;32;JAWA BARAT;3273;KOTA BANDUNG;UPTD PENGELOLAAN JALAN DAN JEMBATAN WILAYAH PELAYANAN III;TIDAK MANTAP;RUSAK BERAT;0.0;KILOMETER;2022
517;32;JAWA BARAT;3274;KOTA CIREBON;UPTD PENGELOLAAN JALAN DAN JEMBATAN WILAYAH PELAYANAN VI;MANTAP;BAIK;3.85;KILOMETER;2022
518;32;JAWA BARAT;3274;KOTA CIREBON;UPTD PENGELOLAAN JALAN DAN JEMBATAN WILAYAH PELAYANAN VI;MANTAP;SEDANG;2.7;KILOMETER;2022
519;32;JAWA BARAT;3274;KOTA CIREBON;UPTD PENGELOLAAN JALAN DAN JEMBATAN WILAYAH PELAYANAN VI;TIDAK MANTAP;RUSAK RINGAN;0.0;KILOMETER;2022
520;32;JAWA BARAT;3274;KOTA CIREBON;UPTD PENGELOLAAN JALAN DAN JEMBATAN WILAYAH PELAYANAN VI;TIDAK MANTAP;RUSAK BERAT;0.0;KILOMETER;2022
521;32;JAWA BARAT;3275;KOTA BEKASI;UPTD PENGELOLAAN JALAN DAN JEMBATAN WILAYAH PELAYANAN I;MANTAP;BAIK;19.76;KILOMETER;2022
522;32;JAWA BARAT;3275;KOTA BEKASI;UPTD PENGELOLAAN JALAN DAN JEMBATAN WILAYAH PELAYANAN I;MANTAP;SEDANG;2.1;KILOMETER;2022
523;32;JAWA BARAT;3275;KOTA BEKASI;UPTD PENGELOLAAN JALAN DAN JEMBATAN WILAYAH PELAYANAN I;TIDAK MANTAP;RUSAK RINGAN;0.0;KILOMETER;2022
524;32;JAWA BARAT;3275;KOTA BEKASI;UPTD PENGELOLAAN JALAN DAN JEMBATAN WILAYAH PELAYANAN I;TIDAK MANTAP;RUSAK BERAT;0.1;KILOMETER;2022
525;32;JAWA BARAT;3276;KOTA DEPOK;UPTD PENGELOLAAN JALAN DAN JEMBATAN WILAYAH PELAYANAN I;MANTAP;BAIK;11.73;KILOMETER;2022
526;32;JAWA BARAT;3276;KOTA DEPOK;UPTD PENGELOLAAN JALAN DAN JEMBATAN WILAYAH PELAYANAN I;MANTAP;SEDANG;0.0;KILOMETER;2022
527;32;JAWA BARAT;3276;KOTA DEPOK;UPTD PENGELOLAAN JALAN DAN JEMBATAN WILAYAH PELAYANAN I;TIDAK MANTAP;RUSAK RINGAN;0.0;KILOMETER;2022
528;32;JAWA BARAT;3276;KOTA DEPOK;UPTD PENGELOLAAN JALAN DAN JEMBATAN WILAYAH PELAYANAN I;TIDAK MANTAP;RUSAK BERAT;0.0;KILOMETER;2022
529;32;JAWA BARAT;3277;KOTA CIMAHI;UPTD PENGELOLAAN JALAN DAN JEMBATAN WILAYAH PELAYANAN III;MANTAP;BAIK;7.31;KILOMETER;2022
530;32;JAWA BARAT;3277;KOTA CIMAHI;UPTD PENGELOLAAN JALAN DAN JEMBATAN WILAYAH PELAYANAN III;MANTAP;SEDANG;1.25;KILOMETER;2022
531;32;JAWA BARAT;3277;KOTA CIMAHI;UPTD PENGELOLAAN JALAN DAN JEMBATAN WILAYAH PELAYANAN III;TIDAK MANTAP;RUSAK RINGAN;0.0;KILOMETER;2022
532;32;JAWA BARAT;3277;KOTA CIMAHI;UPTD PENGELOLAAN JALAN DAN JEMBATAN WILAYAH PELAYANAN III;TIDAK MANTAP;RUSAK BERAT;0.8;KILOMETER;2022
533;32;JAWA BARAT;3278;KOTA TASIKMALAYA;UPTD PENGELOLAAN JALAN DAN JEMBATAN WILAYAH PELAYANAN V;MANTAP;BAIK;21.9;KILOMETER;2022
534;32;JAWA BARAT;3278;KOTA TASIKMALAYA;UPTD PENGELOLAAN JALAN DAN JEMBATAN WILAYAH PELAYANAN V;MANTAP;SEDANG;8.06;KILOMETER;2022
535;32;JAWA BARAT;3278;KOTA TASIKMALAYA;UPTD PENGELOLAAN JALAN DAN JEMBATAN WILAYAH PELAYANAN V;TIDAK MANTAP;RUSAK RINGAN;3.28;KILOMETER;2022
536;32;JAWA BARAT;3278;KOTA TASIKMALAYA;UPTD PENGELOLAAN JALAN DAN JEMBATAN WILAYAH PELAYANAN V;TIDAK MANTAP;RUSAK BERAT;0.0;KILOMETER;2022
537;32;JAWA BARAT;3279;KOTA BANJAR;UPTD PENGELOLAAN JALAN DAN JEMBATAN WILAYAH PELAYANAN V;MANTAP;BAIK;7.52;KILOMETER;2022
538;32;JAWA BARAT;3279;KOTA BANJAR;UPTD PENGELOLAAN JALAN DAN JEMBATAN WILAYAH PELAYANAN V;MANTAP;SEDANG;0.78;KILOMETER;2022
539;32;JAWA BARAT;3279;KOTA BANJAR;UPTD PENGELOLAAN JALAN DAN JEMBATAN WILAYAH PELAYANAN V;TIDAK MANTAP;RUSAK RINGAN;0.68;KILOMETER;2022
540;32;JAWA BARAT;3279;KOTA BANJAR;UPTD PENGELOLAAN JALAN DAN JEMBATAN WILAYAH PELAYANAN V;TIDAK MANTAP;RUSAK BERAT;0.0;KILOMETER;2022
541;32;JAWA BARAT;3201;KABUPATEN BOGOR;UPTD PENGELOLAAN JALAN DAN JEMBATAN WILAYAH PELAYANAN I;MANTAP;BAIK;83.03;KILOMETER;2023
542;32;JAWA BARAT;3201;KABUPATEN BOGOR;UPTD PENGELOLAAN JALAN DAN JEMBATAN WILAYAH PELAYANAN I;MANTAP;SEDANG;27.0;KILOMETER;2023
543;32;JAWA BARAT;3201;KABUPATEN BOGOR;UPTD PENGELOLAAN JALAN DAN JEMBATAN WILAYAH PELAYANAN I;TIDAK MANTAP;RUSAK RINGAN;6.4;KILOMETER;2023
544;32;JAWA BARAT;3201;KABUPATEN BOGOR;UPTD PENGELOLAAN JALAN DAN JEMBATAN WILAYAH PELAYANAN I;TIDAK MANTAP;RUSAK BERAT;15.53;KILOMETER;2023
545;32;JAWA BARAT;3202;KABUPATEN SUKABUMI;UPTD PENGELOLAAN JALAN DAN JEMBATAN WILAYAH PELAYANAN II;MANTAP;BAIK;178.42;KILOMETER;2023
546;32;JAWA BARAT;3202;KABUPATEN SUKABUMI;UPTD PENGELOLAAN JALAN DAN JEMBATAN WILAYAH PELAYANAN II;MANTAP;SEDANG;64.63;KILOMETER;2023
547;32;JAWA BARAT;3202;KABUPATEN SUKABUMI;UPTD PENGELOLAAN JALAN DAN JEMBATAN WILAYAH PELAYANAN II;TIDAK MANTAP;RUSAK RINGAN;37.9;KILOMETER;2023
548;32;JAWA BARAT;3202;KABUPATEN SUKABUMI;UPTD PENGELOLAAN JALAN DAN JEMBATAN WILAYAH PELAYANAN II;TIDAK MANTAP;RUSAK BERAT;33.58;KILOMETER;2023
549;32;JAWA BARAT;3203;KABUPATEN CIANJUR;UPTD PENGELOLAAN JALAN DAN JEMBATAN WILAYAH PELAYANAN I;MANTAP;BAIK;98.48;KILOMETER;2023
550;32;JAWA BARAT;3203;KABUPATEN CIANJUR;UPTD PENGELOLAAN JALAN DAN JEMBATAN WILAYAH PELAYANAN I;MANTAP;SEDANG;43.07;KILOMETER;2023
551;32;JAWA BARAT;3203;KABUPATEN CIANJUR;UPTD PENGELOLAAN JALAN DAN JEMBATAN WILAYAH PELAYANAN I;TIDAK MANTAP;RUSAK RINGAN;11.4;KILOMETER;2023
552;32;JAWA BARAT;3203;KABUPATEN CIANJUR;UPTD PENGELOLAAN JALAN DAN JEMBATAN WILAYAH PELAYANAN I;TIDAK MANTAP;RUSAK BERAT;33.29;KILOMETER;2023
553;32;JAWA BARAT;3204;KABUPATEN BANDUNG;UPTD PENGELOLAAN JALAN DAN JEMBATAN WILAYAH PELAYANAN III;MANTAP;BAIK;84.7;KILOMETER;2023
554;32;JAWA BARAT;3204;KABUPATEN BANDUNG;UPTD PENGELOLAAN JALAN DAN JEMBATAN WILAYAH PELAYANAN III;MANTAP;SEDANG;30.44;KILOMETER;2023
555;32;JAWA BARAT;3204;KABUPATEN BANDUNG;UPTD PENGELOLAAN JALAN DAN JEMBATAN WILAYAH PELAYANAN III;TIDAK MANTAP;RUSAK RINGAN;10.81;KILOMETER;2023
556;32;JAWA BARAT;3204;KABUPATEN BANDUNG;UPTD PENGELOLAAN JALAN DAN JEMBATAN WILAYAH PELAYANAN III;TIDAK MANTAP;RUSAK BERAT;1.42;KILOMETER;2023
557;32;JAWA BARAT;3205;KABUPATEN GARUT;UPTD PENGELOLAAN JALAN DAN JEMBATAN WILAYAH PELAYANAN IV;MANTAP;BAIK;186.04;KILOMETER;2023
558;32;JAWA BARAT;3205;KABUPATEN GARUT;UPTD PENGELOLAAN JALAN DAN JEMBATAN WILAYAH PELAYANAN IV;MANTAP;SEDANG;65.22;KILOMETER;2023
559;32;JAWA BARAT;3205;KABUPATEN GARUT;UPTD PENGELOLAAN JALAN DAN JEMBATAN WILAYAH PELAYANAN IV;TIDAK MANTAP;RUSAK RINGAN;14.55;KILOMETER;2023
560;32;JAWA BARAT;3205;KABUPATEN GARUT;UPTD PENGELOLAAN JALAN DAN JEMBATAN WILAYAH PELAYANAN IV;TIDAK MANTAP;RUSAK BERAT;20.22;KILOMETER;2023
561;32;JAWA BARAT;3206;KABUPATEN TASIKMALAYA;UPTD PENGELOLAAN JALAN DAN JEMBATAN WILAYAH PELAYANAN V;MANTAP;BAIK;48.34;KILOMETER;2023
562;32;JAWA BARAT;3206;KABUPATEN TASIKMALAYA;UPTD PENGELOLAAN JALAN DAN JEMBATAN WILAYAH PELAYANAN V;MANTAP;SEDANG;51.69;KILOMETER;2023
563;32;JAWA BARAT;3206;KABUPATEN TASIKMALAYA;UPTD PENGELOLAAN JALAN DAN JEMBATAN WILAYAH PELAYANAN V;TIDAK MANTAP;RUSAK RINGAN;9.8;KILOMETER;2023
564;32;JAWA BARAT;3206;KABUPATEN TASIKMALAYA;UPTD PENGELOLAAN JALAN DAN JEMBATAN WILAYAH PELAYANAN V;TIDAK MANTAP;RUSAK BERAT;5.53;KILOMETER;2023
565;32;JAWA BARAT;3207;KABUPATEN CIAMIS;UPTD PENGELOLAAN JALAN DAN JEMBATAN WILAYAH PELAYANAN V;MANTAP;BAIK;12.0;KILOMETER;2023
566;32;JAWA BARAT;3207;KABUPATEN CIAMIS;UPTD PENGELOLAAN JALAN DAN JEMBATAN WILAYAH PELAYANAN V;MANTAP;SEDANG;11.2;KILOMETER;2023
567;32;JAWA BARAT;3207;KABUPATEN CIAMIS;UPTD PENGELOLAAN JALAN DAN JEMBATAN WILAYAH PELAYANAN V;TIDAK MANTAP;RUSAK RINGAN;4.0;KILOMETER;2023
568;32;JAWA BARAT;3207;KABUPATEN CIAMIS;UPTD PENGELOLAAN JALAN DAN JEMBATAN WILAYAH PELAYANAN V;TIDAK MANTAP;RUSAK BERAT;1.43;KILOMETER;2023
569;32;JAWA BARAT;3208;KABUPATEN KUNINGAN;UPTD PENGELOLAAN JALAN DAN JEMBATAN WILAYAH PELAYANAN V;MANTAP;BAIK;38.21;KILOMETER;2023
570;32;JAWA BARAT;3208;KABUPATEN KUNINGAN;UPTD PENGELOLAAN JALAN DAN JEMBATAN WILAYAH PELAYANAN V;MANTAP;SEDANG;28.71;KILOMETER;2023
571;32;JAWA BARAT;3208;KABUPATEN KUNINGAN;UPTD PENGELOLAAN JALAN DAN JEMBATAN WILAYAH PELAYANAN V;TIDAK MANTAP;RUSAK RINGAN;15.9;KILOMETER;2023
572;32;JAWA BARAT;3208;KABUPATEN KUNINGAN;UPTD PENGELOLAAN JALAN DAN JEMBATAN WILAYAH PELAYANAN V;TIDAK MANTAP;RUSAK BERAT;3.5;KILOMETER;2023
573;32;JAWA BARAT;3209;KABUPATEN CIREBON;UPTD PENGELOLAAN JALAN DAN JEMBATAN WILAYAH PELAYANAN VI;MANTAP;BAIK;30.15;KILOMETER;2023
574;32;JAWA BARAT;3209;KABUPATEN CIREBON;UPTD PENGELOLAAN JALAN DAN JEMBATAN WILAYAH PELAYANAN VI;MANTAP;SEDANG;27.92;KILOMETER;2023
575;32;JAWA BARAT;3209;KABUPATEN CIREBON;UPTD PENGELOLAAN JALAN DAN JEMBATAN WILAYAH PELAYANAN VI;TIDAK MANTAP;RUSAK RINGAN;12.8;KILOMETER;2023
576;32;JAWA BARAT;3209;KABUPATEN CIREBON;UPTD PENGELOLAAN JALAN DAN JEMBATAN WILAYAH PELAYANAN VI;TIDAK MANTAP;RUSAK BERAT;1.5;KILOMETER;2023
577;32;JAWA BARAT;3210;KABUPATEN MAJALENGKA;UPTD PENGELOLAAN JALAN DAN JEMBATAN WILAYAH PELAYANAN VI;MANTAP;BAIK;76.77;KILOMETER;2023
578;32;JAWA BARAT;3210;KABUPATEN MAJALENGKA;UPTD PENGELOLAAN JALAN DAN JEMBATAN WILAYAH PELAYANAN VI;MANTAP;SEDANG;39.66;KILOMETER;2023
579;32;JAWA BARAT;3210;KABUPATEN MAJALENGKA;UPTD PENGELOLAAN JALAN DAN JEMBATAN WILAYAH PELAYANAN VI;TIDAK MANTAP;RUSAK RINGAN;8.46;KILOMETER;2023
580;32;JAWA BARAT;3210;KABUPATEN MAJALENGKA;UPTD PENGELOLAAN JALAN DAN JEMBATAN WILAYAH PELAYANAN VI;TIDAK MANTAP;RUSAK BERAT;1.95;KILOMETER;2023
581;32;JAWA BARAT;3211;KABUPATEN SUMEDANG;UPTD PENGELOLAAN JALAN DAN JEMBATAN WILAYAH PELAYANAN IV;MANTAP;BAIK;67.76;KILOMETER;2023
582;32;JAWA BARAT;3211;KABUPATEN SUMEDANG;UPTD PENGELOLAAN JALAN DAN JEMBATAN WILAYAH PELAYANAN IV;MANTAP;SEDANG;30.13;KILOMETER;2023
583;32;JAWA BARAT;3211;KABUPATEN SUMEDANG;UPTD PENGELOLAAN JALAN DAN JEMBATAN WILAYAH PELAYANAN IV;TIDAK MANTAP;RUSAK RINGAN;14.93;KILOMETER;2023
584;32;JAWA BARAT;3211;KABUPATEN SUMEDANG;UPTD PENGELOLAAN JALAN DAN JEMBATAN WILAYAH PELAYANAN IV;TIDAK MANTAP;RUSAK BERAT;2.8;KILOMETER;2023
585;32;JAWA BARAT;3212;KABUPATEN INDRAMAYU;UPTD PENGELOLAAN JALAN DAN JEMBATAN WILAYAH PELAYANAN VI;MANTAP;BAIK;65.37;KILOMETER;2023
586;32;JAWA BARAT;3212;KABUPATEN INDRAMAYU;UPTD PENGELOLAAN JALAN DAN JEMBATAN WILAYAH PELAYANAN VI;MANTAP;SEDANG;70.44;KILOMETER;2023
587;32;JAWA BARAT;3212;KABUPATEN INDRAMAYU;UPTD PENGELOLAAN JALAN DAN JEMBATAN WILAYAH PELAYANAN VI;TIDAK MANTAP;RUSAK RINGAN;16.2;KILOMETER;2023
588;32;JAWA BARAT;3212;KABUPATEN INDRAMAYU;UPTD PENGELOLAAN JALAN DAN JEMBATAN WILAYAH PELAYANAN VI;TIDAK MANTAP;RUSAK BERAT;5.6;KILOMETER;2023
589;32;JAWA BARAT;3213;KABUPATEN SUBANG;UPTD PENGELOLAAN JALAN DAN JEMBATAN WILAYAH PELAYANAN III;MANTAP;BAIK;0.0;KILOMETER;2023
590;32;JAWA BARAT;3213;KABUPATEN SUBANG;UPTD PENGELOLAAN JALAN DAN JEMBATAN WILAYAH PELAYANAN III;MANTAP;SEDANG;37.14;KILOMETER;2023
591;32;JAWA BARAT;3213;KABUPATEN SUBANG;UPTD PENGELOLAAN JALAN DAN JEMBATAN WILAYAH PELAYANAN III;TIDAK MANTAP;RUSAK RINGAN;8.2;KILOMETER;2023
592;32;JAWA BARAT;3213;KABUPATEN SUBANG;UPTD PENGELOLAAN JALAN DAN JEMBATAN WILAYAH PELAYANAN III;TIDAK MANTAP;RUSAK BERAT;0.34;KILOMETER;2023
593;32;JAWA BARAT;3214;KABUPATEN PURWAKARTA;UPTD PENGELOLAAN JALAN DAN JEMBATAN WILAYAH PELAYANAN III;MANTAP;BAIK;43.43;KILOMETER;2023
594;32;JAWA BARAT;3214;KABUPATEN PURWAKARTA;UPTD PENGELOLAAN JALAN DAN JEMBATAN WILAYAH PELAYANAN III;MANTAP;SEDANG;13.97;KILOMETER;2023
595;32;JAWA BARAT;3214;KABUPATEN PURWAKARTA;UPTD PENGELOLAAN JALAN DAN JEMBATAN WILAYAH PELAYANAN III;TIDAK MANTAP;RUSAK RINGAN;1.31;KILOMETER;2023
596;32;JAWA BARAT;3214;KABUPATEN PURWAKARTA;UPTD PENGELOLAAN JALAN DAN JEMBATAN WILAYAH PELAYANAN III;TIDAK MANTAP;RUSAK BERAT;0.1;KILOMETER;2023
597;32;JAWA BARAT;3215;KABUPATEN KARAWANG;UPTD PENGELOLAAN JALAN DAN JEMBATAN WILAYAH PELAYANAN III;MANTAP;BAIK;45.89;KILOMETER;2023
598;32;JAWA BARAT;3215;KABUPATEN KARAWANG;UPTD PENGELOLAAN JALAN DAN JEMBATAN WILAYAH PELAYANAN III;MANTAP;SEDANG;16.0;KILOMETER;2023
599;32;JAWA BARAT;3215;KABUPATEN KARAWANG;UPTD PENGELOLAAN JALAN DAN JEMBATAN WILAYAH PELAYANAN III;TIDAK MANTAP;RUSAK RINGAN;18.72;KILOMETER;2023
600;32;JAWA BARAT;3215;KABUPATEN KARAWANG;UPTD PENGELOLAAN JALAN DAN JEMBATAN WILAYAH PELAYANAN III;TIDAK MANTAP;RUSAK BERAT;10.92;KILOMETER;2023
601;32;JAWA BARAT;3216;KABUPATEN BEKASI;UPTD PENGELOLAAN JALAN DAN JEMBATAN WILAYAH PELAYANAN I;MANTAP;BAIK;25.43;KILOMETER;2023
602;32;JAWA BARAT;3216;KABUPATEN BEKASI;UPTD PENGELOLAAN JALAN DAN JEMBATAN WILAYAH PELAYANAN I;MANTAP;SEDANG;5.8;KILOMETER;2023
603;32;JAWA BARAT;3216;KABUPATEN BEKASI;UPTD PENGELOLAAN JALAN DAN JEMBATAN WILAYAH PELAYANAN I;TIDAK MANTAP;RUSAK RINGAN;0.3;KILOMETER;2023
604;32;JAWA BARAT;3216;KABUPATEN BEKASI;UPTD PENGELOLAAN JALAN DAN JEMBATAN WILAYAH PELAYANAN I;TIDAK MANTAP;RUSAK BERAT;0.2;KILOMETER;2023
605;32;JAWA BARAT;3217;KABUPATEN BANDUNG BARAT;UPTD PENGELOLAAN JALAN DAN JEMBATAN WILAYAH PELAYANAN III;MANTAP;BAIK;50.87;KILOMETER;2023
606;32;JAWA BARAT;3217;KABUPATEN BANDUNG BARAT;UPTD PENGELOLAAN JALAN DAN JEMBATAN WILAYAH PELAYANAN III;MANTAP;SEDANG;9.85;KILOMETER;2023
607;32;JAWA BARAT;3217;KABUPATEN BANDUNG BARAT;UPTD PENGELOLAAN JALAN DAN JEMBATAN WILAYAH PELAYANAN III;TIDAK MANTAP;RUSAK RINGAN;9.5;KILOMETER;2023
608;32;JAWA BARAT;3217;KABUPATEN BANDUNG BARAT;UPTD PENGELOLAAN JALAN DAN JEMBATAN WILAYAH PELAYANAN III;TIDAK MANTAP;RUSAK BERAT;2.95;KILOMETER;2023
609;32;JAWA BARAT;3218;KABUPATEN PANGANDARAN;UPTD PENGELOLAAN JALAN DAN JEMBATAN WILAYAH PELAYANAN V;MANTAP;BAIK;3.04;KILOMETER;2023
610;32;JAWA BARAT;3218;KABUPATEN PANGANDARAN;UPTD PENGELOLAAN JALAN DAN JEMBATAN WILAYAH PELAYANAN V;MANTAP;SEDANG;5.35;KILOMETER;2023
611;32;JAWA BARAT;3218;KABUPATEN PANGANDARAN;UPTD PENGELOLAAN JALAN DAN JEMBATAN WILAYAH PELAYANAN V;TIDAK MANTAP;RUSAK RINGAN;0.3;KILOMETER;2023
612;32;JAWA BARAT;3218;KABUPATEN PANGANDARAN;UPTD PENGELOLAAN JALAN DAN JEMBATAN WILAYAH PELAYANAN V;TIDAK MANTAP;RUSAK BERAT;0.2;KILOMETER;2023
613;32;JAWA BARAT;3271;KOTA BOGOR;UPTD PENGELOLAAN JALAN DAN JEMBATAN WILAYAH PELAYANAN I;MANTAP;BAIK;11.2;KILOMETER;2023
614;32;JAWA BARAT;3271;KOTA BOGOR;UPTD PENGELOLAAN JALAN DAN JEMBATAN WILAYAH PELAYANAN I;MANTAP;SEDANG;0.99;KILOMETER;2023
615;32;JAWA BARAT;3271;KOTA BOGOR;UPTD PENGELOLAAN JALAN DAN JEMBATAN WILAYAH PELAYANAN I;TIDAK MANTAP;RUSAK RINGAN;0.0;KILOMETER;2023
616;32;JAWA BARAT;3271;KOTA BOGOR;UPTD PENGELOLAAN JALAN DAN JEMBATAN WILAYAH PELAYANAN I;TIDAK MANTAP;RUSAK BERAT;0.0;KILOMETER;2023
617;32;JAWA BARAT;3272;KOTA SUKABUMI;UPTD PENGELOLAAN JALAN DAN JEMBATAN WILAYAH PELAYANAN II;MANTAP;BAIK;19.55;KILOMETER;2023
618;32;JAWA BARAT;3272;KOTA SUKABUMI;UPTD PENGELOLAAN JALAN DAN JEMBATAN WILAYAH PELAYANAN II;MANTAP;SEDANG;11.42;KILOMETER;2023
619;32;JAWA BARAT;3272;KOTA SUKABUMI;UPTD PENGELOLAAN JALAN DAN JEMBATAN WILAYAH PELAYANAN II;TIDAK MANTAP;RUSAK RINGAN;2.1;KILOMETER;2023
620;32;JAWA BARAT;3272;KOTA SUKABUMI;UPTD PENGELOLAAN JALAN DAN JEMBATAN WILAYAH PELAYANAN II;TIDAK MANTAP;RUSAK BERAT;0.1;KILOMETER;2023
621;32;JAWA BARAT;3273;KOTA BANDUNG;UPTD PENGELOLAAN JALAN DAN JEMBATAN WILAYAH PELAYANAN III;MANTAP;BAIK;31.46;KILOMETER;2023
622;32;JAWA BARAT;3273;KOTA BANDUNG;UPTD PENGELOLAAN JALAN DAN JEMBATAN WILAYAH PELAYANAN III;MANTAP;SEDANG;6.92;KILOMETER;2023
623;32;JAWA BARAT;3273;KOTA BANDUNG;UPTD PENGELOLAAN JALAN DAN JEMBATAN WILAYAH PELAYANAN III;TIDAK MANTAP;RUSAK RINGAN;0.87;KILOMETER;2023
624;32;JAWA BARAT;3273;KOTA BANDUNG;UPTD PENGELOLAAN JALAN DAN JEMBATAN WILAYAH PELAYANAN III;TIDAK MANTAP;RUSAK BERAT;0.01;KILOMETER;2023
625;32;JAWA BARAT;3274;KOTA CIREBON;UPTD PENGELOLAAN JALAN DAN JEMBATAN WILAYAH PELAYANAN VI;MANTAP;BAIK;3.47;KILOMETER;2023
626;32;JAWA BARAT;3274;KOTA CIREBON;UPTD PENGELOLAAN JALAN DAN JEMBATAN WILAYAH PELAYANAN VI;MANTAP;SEDANG;3.07;KILOMETER;2023
627;32;JAWA BARAT;3274;KOTA CIREBON;UPTD PENGELOLAAN JALAN DAN JEMBATAN WILAYAH PELAYANAN VI;TIDAK MANTAP;RUSAK RINGAN;0.0;KILOMETER;2023
628;32;JAWA BARAT;3274;KOTA CIREBON;UPTD PENGELOLAAN JALAN DAN JEMBATAN WILAYAH PELAYANAN VI;TIDAK MANTAP;RUSAK BERAT;0.0;KILOMETER;2023
629;32;JAWA BARAT;3275;KOTA BEKASI;UPTD PENGELOLAAN JALAN DAN JEMBATAN WILAYAH PELAYANAN I;MANTAP;BAIK;16.7;KILOMETER;2023
630;32;JAWA BARAT;3275;KOTA BEKASI;UPTD PENGELOLAAN JALAN DAN JEMBATAN WILAYAH PELAYANAN I;MANTAP;SEDANG;3.45;KILOMETER;2023
631;32;JAWA BARAT;3275;KOTA BEKASI;UPTD PENGELOLAAN JALAN DAN JEMBATAN WILAYAH PELAYANAN I;TIDAK MANTAP;RUSAK RINGAN;1.6;KILOMETER;2023
632;32;JAWA BARAT;3275;KOTA BEKASI;UPTD PENGELOLAAN JALAN DAN JEMBATAN WILAYAH PELAYANAN I;TIDAK MANTAP;RUSAK BERAT;0.0;KILOMETER;2023
633;32;JAWA BARAT;3276;KOTA DEPOK;UPTD PENGELOLAAN JALAN DAN JEMBATAN WILAYAH PELAYANAN I;MANTAP;BAIK;10.99;KILOMETER;2023
634;32;JAWA BARAT;3276;KOTA DEPOK;UPTD PENGELOLAAN JALAN DAN JEMBATAN WILAYAH PELAYANAN I;MANTAP;SEDANG;0.7;KILOMETER;2023
635;32;JAWA BARAT;3276;KOTA DEPOK;UPTD PENGELOLAAN JALAN DAN JEMBATAN WILAYAH PELAYANAN I;TIDAK MANTAP;RUSAK RINGAN;0.03;KILOMETER;2023
636;32;JAWA BARAT;3276;KOTA DEPOK;UPTD PENGELOLAAN JALAN DAN JEMBATAN WILAYAH PELAYANAN I;TIDAK MANTAP;RUSAK BERAT;0.0;KILOMETER;2023
637;32;JAWA BARAT;3277;KOTA CIMAHI;UPTD PENGELOLAAN JALAN DAN JEMBATAN WILAYAH PELAYANAN III;MANTAP;BAIK;8.46;KILOMETER;2023
638;32;JAWA BARAT;3277;KOTA CIMAHI;UPTD PENGELOLAAN JALAN DAN JEMBATAN WILAYAH PELAYANAN III;MANTAP;SEDANG;0.9;KILOMETER;2023
639;32;JAWA BARAT;3277;KOTA CIMAHI;UPTD PENGELOLAAN JALAN DAN JEMBATAN WILAYAH PELAYANAN III;TIDAK MANTAP;RUSAK RINGAN;0.0;KILOMETER;2023
640;32;JAWA BARAT;3277;KOTA CIMAHI;UPTD PENGELOLAAN JALAN DAN JEMBATAN WILAYAH PELAYANAN III;TIDAK MANTAP;RUSAK BERAT;0.0;KILOMETER;2023
641;32;JAWA BARAT;3278;KOTA TASIKMALAYA;UPTD PENGELOLAAN JALAN DAN JEMBATAN WILAYAH PELAYANAN V;MANTAP;BAIK;24.85;KILOMETER;2023
642;32;JAWA BARAT;3278;KOTA TASIKMALAYA;UPTD PENGELOLAAN JALAN DAN JEMBATAN WILAYAH PELAYANAN V;MANTAP;SEDANG;11.59;KILOMETER;2023
643;32;JAWA BARAT;3278;KOTA TASIKMALAYA;UPTD PENGELOLAAN JALAN DAN JEMBATAN WILAYAH PELAYANAN V;TIDAK MANTAP;RUSAK RINGAN;1.8;KILOMETER;2023
644;32;JAWA BARAT;3278;KOTA TASIKMALAYA;UPTD PENGELOLAAN JALAN DAN JEMBATAN WILAYAH PELAYANAN V;TIDAK MANTAP;RUSAK BERAT;0.0;KILOMETER;2023
645;32;JAWA BARAT;3279;KOTA BANJAR;UPTD PENGELOLAAN JALAN DAN JEMBATAN WILAYAH PELAYANAN V;MANTAP;BAIK;4.87;KILOMETER;2023
646;32;JAWA BARAT;3279;KOTA BANJAR;UPTD PENGELOLAAN JALAN DAN JEMBATAN WILAYAH PELAYANAN V;MANTAP;SEDANG;3.8;KILOMETER;2023
647;32;JAWA BARAT;3279;KOTA BANJAR;UPTD PENGELOLAAN JALAN DAN JEMBATAN WILAYAH PELAYANAN V;TIDAK MANTAP;RUSAK RINGAN;0.2;KILOMETER;2023
648;32;JAWA BARAT;3279;KOTA BANJAR;UPTD PENGELOLAAN JALAN DAN JEMBATAN WILAYAH PELAYANAN V;TIDAK MANTAP;RUSAK BERAT;0.1;KILOMETER;2023
